playerId,season,name,team,position,situation,games_played,icetime,xGoals,goals,unblocked_shot_attempts,xRebounds,rebounds,xFreeze,freeze,xOnGoal,ongoal,xPlayStopped,playStopped,xPlayContinuedInZone,playContinuedInZone,xPlayContinuedOutsideZone,playContinuedOutsideZone,flurryAdjustedxGoals,lowDangerShots,mediumDangerShots,highDangerShots,lowDangerxGoals,mediumDangerxGoals,highDangerxGoals,lowDangerGoals,mediumDangerGoals,highDangerGoals,blocked_shot_attempts,penalityMinutes,penalties
8478048,2024,Igor Shesterkin,NYR,G,other,21,2448.0,5.89,8.0,59.0,2.63,2.0,7.22,2.0,35.19,34.0,0.6,0.0,19.05,17.0,10.09,17.0,5.72,26.0,10.0,10.0,0.94,1.16,3.79,2.0,0.0,6.0,13.0,0.0,0.0
8478048,2024,Igor Shesterkin,NYR,G,all,21,73269.0,66.69,59.0,1304.0,49.25,71.0,171.45,123.0,712.44,660.0,21.37,2.0,379.99,272.0,269.32,435.0,63.89,699.0,188.0,73.0,19.84,24.0,22.86,23.0,22.0,14.0,344.0,2.0,1.0
8478048,2024,Igor Shesterkin,NYR,G,5on5,21,58822.0,49.65,45.0,1047.0,36.64,52.0,139.96,99.0,564.67,523.0,16.55,2.0,299.3,205.0,219.89,363.0,48.19,557.0,160.0,47.0,15.99,20.61,13.04,20.0,20.0,5.0,283.0,2.0,1.0
8478048,2024,Igor Shesterkin,NYR,G,4on5,21,6681.0,9.99,6.0,175.0,9.44,16.0,22.45,22.0,99.79,92.0,0.76,0.0,57.77,48.0,30.11,41.0,8.84,101.0,17.0,15.0,2.4,2.1,5.5,1.0,2.0,3.0,42.0,0.0,0.0
8478048,2024,Igor Shesterkin,NYR,G,5on4,21,5318.0,1.16,0.0,23.0,0.54,1.0,1.83,0.0,12.8,11.0,3.46,0.0,3.86,2.0,9.23,14.0,1.13,15.0,1.0,1.0,0.5,0.13,0.53,0.0,0.0,0.0,6.0,0.0,0.0
8478872,2024,Karel Vejmelka,UTA,G,other,16,1645.0,4.17,3.0,54.0,2.13,2.0,5.47,3.0,28.19,25.0,0.22,0.0,16.95,15.0,8.28,15.0,3.64,21.0,10.0,7.0,0.73,1.34,2.11,1.0,1.0,1.0,16.0,0.0,0.0
8478872,2024,Karel Vejmelka,UTA,G,all,16,54937.0,50.09,36.0,905.0,30.69,36.0,113.61,89.0,469.15,436.0,15.0,5.0,249.78,234.0,177.09,240.0,47.24,447.0,137.0,53.0,13.82,17.23,19.03,11.0,8.0,17.0,268.0,0.0,0.0
8478872,2024,Karel Vejmelka,UTA,G,5on5,16,44431.0,28.83,19.0,673.0,20.89,28.0,87.7,72.0,342.48,318.0,12.78,5.0,181.6,162.0,138.37,187.0,28.2,351.0,94.0,24.0,10.41,11.97,6.46,8.0,6.0,5.0,204.0,0.0,0.0
8478872,2024,Karel Vejmelka,UTA,G,4on5,16,4761.0,16.28,13.0,167.0,7.38,6.0,19.23,14.0,92.14,86.0,0.35,0.0,49.31,53.0,26.87,35.0,14.6,72.0,29.0,21.0,2.59,3.48,10.2,2.0,0.0,11.0,45.0,0.0,0.0
8478872,2024,Karel Vejmelka,UTA,G,5on4,16,4100.0,0.49,0.0,8.0,0.17,0.0,0.75,0.0,3.92,4.0,1.65,0.0,1.07,3.0,2.38,2.0,0.49,3.0,1.0,1.0,0.1,0.14,0.26,0.0,0.0,0.0,3.0,0.0,0.0
8479979,2024,Jake Oettinger,DAL,G,other,21,2158.0,4.43,4.0,64.0,2.61,3.0,5.94,5.0,31.61,27.0,0.64,0.0,20.28,17.0,8.59,14.0,4.08,23.0,14.0,6.0,0.93,1.84,1.66,1.0,2.0,1.0,21.0,0.0,0.0
8479979,2024,Jake Oettinger,DAL,G,all,21,73172.0,54.13,50.0,1136.0,41.02,59.0,149.59,127.0,614.6,559.0,21.41,2.0,330.11,256.0,237.74,341.0,52.05,623.0,150.0,60.0,18.78,17.68,17.67,19.0,18.0,13.0,303.0,0.0,0.0
8479979,2024,Jake Oettinger,DAL,G,5on5,21,59941.0,40.33,34.0,916.0,30.48,46.0,122.69,97.0,487.38,443.0,17.19,1.0,257.93,201.0,195.46,285.0,38.97,506.0,114.0,43.0,15.49,13.13,11.72,14.0,13.0,7.0,253.0,0.0,0.0
8479979,2024,Jake Oettinger,DAL,G,4on5,21,5324.0,8.06,9.0,138.0,7.29,10.0,18.71,24.0,81.14,73.0,0.36,0.0,47.77,36.0,24.43,30.0,7.7,83.0,16.0,10.0,2.15,1.91,4.0,3.0,2.0,4.0,29.0,0.0,0.0
8479979,2024,Jake Oettinger,DAL,G,5on4,21,5749.0,1.31,3.0,18.0,0.65,0.0,2.25,1.0,14.46,16.0,3.22,1.0,4.14,2.0,9.26,12.0,1.31,11.0,6.0,1.0,0.21,0.8,0.3,1.0,1.0,1.0,0.0,0.0,0.0
8477968,2024,Alex Nedeljkovic,PIT,G,other,13,648.0,1.03,3.0,18.0,0.67,0.0,1.97,1.0,9.08,6.0,0.31,0.0,4.62,4.0,3.38,4.0,0.97,7.0,5.0,0.0,0.28,0.76,0.0,0.0,3.0,0.0,6.0,0.0,0.0
8477968,2024,Alex Nedeljkovic,PIT,G,all,13,47042.0,37.5,44.0,738.0,25.46,42.0,95.07,75.0,392.24,374.0,15.57,1.0,208.32,160.0,156.59,214.0,35.47,395.0,105.0,36.0,10.99,13.37,13.15,14.0,18.0,12.0,202.0,0.0,0.0
8477968,2024,Alex Nedeljkovic,PIT,G,5on5,13,38658.0,25.96,32.0,593.0,19.38,34.0,77.93,55.0,308.62,301.0,12.68,1.0,165.31,130.0,124.05,171.0,24.99,316.0,83.0,24.0,8.81,10.28,6.87,14.0,13.0,5.0,170.0,0.0,0.0
8477968,2024,Alex Nedeljkovic,PIT,G,4on5,13,3946.0,9.0,8.0,102.0,4.61,6.0,12.45,15.0,56.82,53.0,0.21,0.0,32.07,24.0,17.07,24.0,8.02,56.0,9.0,12.0,1.38,1.34,6.28,0.0,1.0,7.0,25.0,0.0,0.0
8477968,2024,Alex Nedeljkovic,PIT,G,5on4,13,3790.0,1.1,0.0,20.0,0.61,2.0,2.27,4.0,14.93,13.0,2.21,0.0,4.62,1.0,10.94,13.0,1.07,15.0,5.0,0.0,0.46,0.63,0.0,0.0,0.0,0.0,0.0,0.0,0.0
8477967,2024,Thatcher Demko,VAN,G,other,1,120.0,0.15,1.0,4.0,0.14,0.0,0.66,2.0,2.4,3.0,0.02,0.0,0.97,0.0,1.0,0.0,0.15,2.0,1.0,0.0,0.06,0.09,0.0,0.0,1.0,0.0,1.0,0.0,0.0
8477967,2024,Thatcher Demko,VAN,G,all,1,3647.0,2.83,4.0,52.0,1.93,1.0,6.42,9.0,27.2,25.0,0.86,0.0,14.44,8.0,10.55,15.0,2.8,28.0,3.0,6.0,0.82,0.27,1.75,1.0,2.0,1.0,15.0,0.0,0.0
8477967,2024,Thatcher Demko,VAN,G,5on5,1,3149.0,1.97,1.0,41.0,1.42,1.0,5.06,6.0,20.32,17.0,0.44,0.0,10.37,6.0,7.59,13.0,1.95,20.0,2.0,5.0,0.64,0.18,1.16,0.0,1.0,0.0,14.0,0.0,0.0
8477967,2024,Thatcher Demko,VAN,G,4on5,1,155.0,0.64,1.0,6.0,0.33,0.0,0.62,1.0,3.77,4.0,0.0,0.0,2.88,2.0,1.4,2.0,0.63,5.0,0.0,1.0,0.05,0.0,0.59,0.0,0.0,1.0,0.0,0.0,0.0
8477967,2024,Thatcher Demko,VAN,G,5on4,1,223.0,0.07,1.0,1.0,0.04,0.0,0.09,0.0,0.7,1.0,0.4,0.0,0.23,0.0,0.56,0.0,0.07,1.0,0.0,0.0,0.07,0.0,0.0,1.0,0.0,0.0,0.0,0.0,0.0
8476999,2024,Linus Ullmark,OTT,G,other,19,2430.0,6.9,3.0,77.0,3.07,9.0,8.37,3.0,40.85,39.0,0.66,0.0,23.92,21.0,12.13,20.0,5.01,37.0,7.0,12.0,1.37,0.95,4.59,1.0,0.0,2.0,21.0,0.0,0.0
8476999,2024,Linus Ullmark,OTT,G,all,19,64895.0,50.43,46.0,1010.0,35.07,60.0,126.71,108.0,516.88,506.0,19.62,2.0,286.03,231.0,198.07,265.0,45.05,531.0,128.0,55.0,14.78,16.21,19.44,18.0,15.0,13.0,296.0,0.0,0.0
8476999,2024,Linus Ullmark,OTT,G,5on5,19,51555.0,32.75,34.0,787.0,25.3,44.0,102.19,83.0,396.42,388.0,15.64,2.0,216.74,170.0,159.42,216.0,31.33,424.0,96.0,30.0,11.75,12.19,8.8,17.0,10.0,7.0,237.0,0.0,0.0
8476999,2024,Linus Ullmark,OTT,G,4on5,19,4932.0,10.56,9.0,134.0,6.5,7.0,14.96,21.0,73.55,75.0,0.41,0.0,43.45,37.0,22.24,25.0,8.5,63.0,24.0,13.0,1.54,2.97,6.05,0.0,5.0,4.0,34.0,0.0,0.0
8476999,2024,Linus Ullmark,OTT,G,5on4,19,5978.0,0.12,0.0,11.0,0.17,0.0,1.04,1.0,5.25,3.0,2.86,0.0,1.63,3.0,3.91,3.0,0.12,7.0,0.0,0.0,0.12,0.0,0.0,0.0,0.0,0.0,4.0,0.0,0.0
8478009,2024,Ilya Sorokin,NYI,G,other,21,1930.0,6.97,9.0,93.0,3.56,6.0,9.73,5.0,49.79,48.0,0.76,0.0,27.06,22.0,16.03,23.0,6.51,42.0,12.0,11.0,1.79,1.72,3.47,1.0,2.0,6.0,28.0,0.0,0.0
8478009,2024,Ilya Sorokin,NYI,G,all,21,74731.0,60.26,55.0,1270.0,43.28,62.0,159.11,104.0,659.27,608.0,20.84,0.0,357.01,279.0,260.34,400.0,58.67,692.0,146.0,64.0,20.03,18.5,21.72,18.0,18.0,19.0,368.0,0.0,0.0
8478009,2024,Ilya Sorokin,NYI,G,5on5,21,62979.0,41.51,30.0,1041.0,33.39,48.0,134.66,86.0,533.09,483.0,16.3,0.0,287.99,233.0,216.43,333.0,40.62,578.0,117.0,37.0,16.15,14.69,10.68,14.0,14.0,2.0,309.0,0.0,0.0
8478009,2024,Ilya Sorokin,NYI,G,4on5,21,4529.0,10.47,15.0,115.0,5.63,6.0,12.72,13.0,63.59,63.0,0.52,0.0,37.84,22.0,19.41,32.0,10.26,59.0,15.0,14.0,1.59,1.92,6.96,2.0,2.0,11.0,27.0,0.0,0.0
8478009,2024,Ilya Sorokin,NYI,G,5on4,21,5293.0,1.31,1.0,21.0,0.7,2.0,1.99,0.0,12.8,14.0,3.26,0.0,4.12,2.0,8.47,12.0,1.27,13.0,2.0,2.0,0.51,0.18,0.62,1.0,0.0,0.0,4.0,0.0,0.0
8479292,2024,Charlie Lindgren,WSH,G,other,14,2279.0,3.22,2.0,55.0,2.18,2.0,5.68,10.0,27.41,22.0,0.49,0.0,17.48,15.0,8.46,9.0,2.71,25.0,10.0,3.0,0.89,1.29,1.03,1.0,0.0,1.0,17.0,0.0,0.0
8479292,2024,Charlie Lindgren,WSH,G,all,14,50029.0,36.09,37.0,822.0,27.02,30.0,96.36,82.0,403.37,374.0,14.71,0.0,222.31,194.0,158.9,210.0,34.36,410.0,106.0,38.0,11.37,13.35,11.37,15.0,9.0,13.0,268.0,0.0,0.0
8479292,2024,Charlie Lindgren,WSH,G,5on5,14,39312.0,23.67,28.0,612.0,18.06,20.0,73.27,58.0,291.49,273.0,11.95,0.0,158.12,136.0,118.29,159.0,23.08,306.0,70.0,25.0,8.03,9.02,6.62,13.0,7.0,8.0,211.0,0.0,0.0
8479292,2024,Charlie Lindgren,WSH,G,4on5,14,4534.0,8.02,6.0,136.0,6.17,7.0,15.39,13.0,70.61,65.0,0.47,0.0,42.49,41.0,22.58,29.0,7.4,66.0,23.0,8.0,2.13,2.65,3.23,1.0,1.0,4.0,39.0,0.0,0.0
8479292,2024,Charlie Lindgren,WSH,G,5on4,14,3904.0,1.18,1.0,19.0,0.61,1.0,2.02,1.0,13.87,14.0,1.8,0.0,4.22,2.0,9.57,13.0,1.17,13.0,3.0,2.0,0.32,0.38,0.49,0.0,1.0,0.0,1.0,0.0,0.0
8476945,2024,Connor Hellebuyck,WPG,G,other,24,2329.0,6.0,6.0,70.0,3.02,7.0,8.2,3.0,37.99,36.0,0.84,0.0,19.56,19.0,11.89,15.0,5.52,30.0,10.0,10.0,1.04,1.2,3.76,0.0,2.0,4.0,20.0,0.0,0.0
8476945,2024,Connor Hellebuyck,WPG,G,all,24,86658.0,68.95,51.0,1444.0,51.79,106.0,191.57,161.0,759.93,690.0,23.6,0.0,409.65,332.0,301.64,398.0,65.23,794.0,177.0,79.0,21.45,22.46,25.04,19.0,12.0,20.0,394.0,0.0,0.0
8476945,2024,Connor Hellebuyck,WPG,G,5on5,24,72572.0,50.07,33.0,1163.0,38.73,80.0,157.22,139.0,604.41,545.0,19.3,0.0,330.83,273.0,245.29,316.0,47.79,653.0,142.0,48.0,17.88,18.06,14.13,15.0,9.0,9.0,320.0,0.0,0.0
8476945,2024,Connor Hellebuyck,WPG,G,4on5,24,5670.0,10.94,11.0,174.0,8.96,18.0,22.4,17.0,94.08,83.0,0.21,0.0,51.57,37.0,27.69,42.0,10.03,86.0,21.0,18.0,1.95,2.64,6.35,4.0,1.0,6.0,49.0,0.0,0.0
8476945,2024,Connor Hellebuyck,WPG,G,5on4,24,6087.0,1.87,1.0,35.0,1.04,1.0,3.52,2.0,22.18,24.0,3.19,0.0,7.14,3.0,15.72,23.0,1.82,23.0,4.0,3.0,0.51,0.56,0.8,0.0,0.0,1.0,5.0,0.0,0.0
8480280,2024,Jeremy Swayman,BOS,G,other,21,1953.0,3.44,5.0,55.0,2.04,3.0,5.85,4.0,26.92,24.0,0.77,0.0,14.99,11.0,8.58,12.0,3.34,24.0,8.0,4.0,1.04,1.0,1.4,1.0,2.0,2.0,19.0,0.0,0.0
8480280,2024,Jeremy Swayman,BOS,G,all,21,73864.0,55.39,67.0,1135.0,38.87,56.0,146.06,130.0,599.39,587.0,19.76,2.0,323.48,233.0,241.79,338.0,53.24,622.0,145.0,59.0,16.52,18.12,20.75,25.0,23.0,19.0,309.0,0.0,0.0
8480280,2024,Jeremy Swayman,BOS,G,5on5,21,56878.0,31.44,38.0,851.0,26.93,40.0,115.87,98.0,445.44,433.0,14.1,2.0,244.65,173.0,182.94,267.0,30.67,497.0,97.0,23.0,12.86,12.14,6.45,20.0,13.0,5.0,234.0,0.0,0.0
8480280,2024,Jeremy Swayman,BOS,G,4on5,21,6866.0,16.14,20.0,178.0,7.94,9.0,18.95,26.0,92.37,95.0,0.52,0.0,53.5,44.0,28.47,29.0,15.22,74.0,31.0,23.0,1.96,3.84,10.34,3.0,7.0,10.0,50.0,0.0,0.0
8480280,2024,Jeremy Swayman,BOS,G,5on4,21,8167.0,4.08,3.0,48.0,1.81,4.0,4.89,2.0,32.27,32.0,4.32,0.0,9.48,5.0,20.68,28.0,3.72,26.0,7.0,9.0,0.61,0.9,2.56,0.0,1.0,2.0,6.0,0.0,0.0
8482221,2024,Devon Levi,BUF,G,other,7,646.0,0.4,1.0,9.0,0.21,0.0,0.75,1.0,3.87,4.0,0.14,0.0,1.75,1.0,1.77,2.0,0.4,3.0,2.0,0.0,0.13,0.27,0.0,0.0,1.0,0.0,4.0,0.0,0.0
8482221,2024,Devon Levi,BUF,G,all,7,21888.0,16.46,24.0,318.0,12.27,20.0,43.29,36.0,176.05,185.0,6.17,0.0,95.19,59.0,69.76,104.0,16.19,189.0,37.0,17.0,5.38,4.91,6.17,8.0,9.0,7.0,75.0,0.0,0.0
8482221,2024,Devon Levi,BUF,G,5on5,7,17521.0,10.8,17.0,238.0,8.41,15.0,33.57,24.0,128.93,134.0,5.31,0.0,68.3,42.0,52.37,80.0,10.62,138.0,30.0,10.0,3.92,4.12,2.77,6.0,8.0,3.0,60.0,0.0,0.0
8482221,2024,Devon Levi,BUF,G,4on5,7,1969.0,4.86,6.0,64.0,3.34,5.0,8.31,10.0,38.52,41.0,0.1,0.0,23.28,16.0,12.01,16.0,4.77,43.0,3.0,7.0,1.16,0.29,3.4,2.0,0.0,4.0,11.0,0.0,0.0
8482221,2024,Devon Levi,BUF,G,5on4,7,1752.0,0.4,0.0,7.0,0.31,0.0,0.66,1.0,4.73,6.0,0.53,0.0,1.86,0.0,3.6,6.0,0.4,5.0,2.0,0.0,0.17,0.23,0.0,0.0,0.0,0.0,0.0,0.0,0.0
8478971,2024,Connor Ingram,UTA,G,other,13,1323.0,4.58,8.0,45.0,1.61,1.0,4.82,3.0,23.38,19.0,0.56,0.0,11.62,9.0,7.54,9.0,4.14,15.0,9.0,7.0,0.7,1.09,2.79,2.0,2.0,4.0,14.0,0.0,0.0
8478971,2024,Connor Ingram,UTA,G,all,13,42869.0,32.11,43.0,659.0,22.87,25.0,84.5,66.0,350.87,333.0,12.21,0.0,186.78,164.0,139.12,178.0,30.91,344.0,99.0,34.0,9.76,11.79,10.56,17.0,18.0,8.0,182.0,2.0,1.0
8478971,2024,Connor Ingram,UTA,G,5on5,13,34941.0,22.28,27.0,500.0,16.19,21.0,66.48,51.0,265.29,257.0,9.85,0.0,139.41,118.0,106.9,143.0,21.68,270.0,65.0,25.0,7.67,7.74,6.88,13.0,11.0,3.0,140.0,0.0,0.0
8478971,2024,Connor Ingram,UTA,G,4on5,13,3847.0,3.95,6.0,98.0,4.55,2.0,11.5,12.0,50.46,45.0,0.32,0.0,31.91,31.0,17.35,20.0,3.86,51.0,19.0,1.0,1.14,2.2,0.62,2.0,3.0,1.0,27.0,0.0,0.0
8478971,2024,Connor Ingram,UTA,G,5on4,13,2758.0,0.89,1.0,11.0,0.34,1.0,1.11,0.0,8.46,10.0,1.4,0.0,2.53,4.0,5.89,5.0,0.85,7.0,3.0,1.0,0.21,0.4,0.27,0.0,1.0,0.0,0.0,2.0,1.0
8480947,2024,Kevin Lankinen,VAN,G,other,21,2210.0,4.12,6.0,69.0,2.98,4.0,7.98,4.0,36.43,35.0,0.6,1.0,22.68,22.0,10.91,14.0,3.88,37.0,8.0,5.0,1.56,0.85,1.7,4.0,0.0,2.0,19.0,0.0,0.0
8480947,2024,Kevin Lankinen,VAN,G,all,21,75692.0,55.13,53.0,1217.0,43.4,52.0,157.92,128.0,646.09,600.0,19.28,4.0,356.74,303.0,257.83,357.0,53.09,691.0,151.0,51.0,18.39,18.79,17.95,27.0,11.0,15.0,324.0,0.0,0.0
8480947,2024,Kevin Lankinen,VAN,G,5on5,21,60703.0,33.36,35.0,917.0,28.61,30.0,122.02,100.0,476.87,438.0,15.57,2.0,261.96,225.0,200.21,272.0,32.41,534.0,103.0,25.0,13.1,13.12,7.13,21.0,10.0,4.0,255.0,0.0,0.0
8480947,2024,Kevin Lankinen,VAN,G,4on5,21,7004.0,16.11,11.0,201.0,10.57,16.0,24.85,22.0,114.64,108.0,0.5,1.0,64.84,56.0,34.48,50.0,15.24,100.0,36.0,19.0,3.09,4.36,8.66,1.0,1.0,9.0,46.0,0.0,0.0
8480947,2024,Kevin Lankinen,VAN,G,5on4,21,5775.0,1.34,0.0,26.0,1.06,2.0,2.44,2.0,15.13,16.0,2.48,0.0,5.9,0.0,10.68,18.0,1.33,17.0,3.0,2.0,0.52,0.37,0.45,0.0,0.0,0.0,4.0,0.0,0.0
8473503,2024,James Reimer,BUF,G,other,5,585.0,3.03,2.0,18.0,0.76,1.0,1.97,4.0,11.37,9.0,0.12,0.0,4.57,3.0,3.35,4.0,2.33,5.0,2.0,7.0,0.23,0.24,2.57,1.0,0.0,1.0,4.0,0.0,0.0
8473503,2024,James Reimer,BUF,G,all,5,18121.0,19.35,18.0,319.0,12.37,11.0,38.53,34.0,172.85,149.0,4.48,0.0,95.44,82.0,64.88,90.0,17.72,167.0,42.0,27.0,5.85,5.24,8.26,4.0,6.0,8.0,83.0,0.0,0.0
8473503,2024,James Reimer,BUF,G,5on5,5,14931.0,11.11,13.0,237.0,8.27,9.0,30.41,20.0,126.49,111.0,3.72,0.0,71.65,63.0,50.45,71.0,10.74,137.0,26.0,13.0,4.59,3.15,3.38,3.0,4.0,6.0,61.0,0.0,0.0
8473503,2024,James Reimer,BUF,G,4on5,5,1525.0,4.97,3.0,59.0,3.21,1.0,5.86,10.0,31.92,26.0,0.17,0.0,18.37,15.0,8.65,12.0,4.42,22.0,13.0,7.0,0.95,1.71,2.31,0.0,2.0,1.0,17.0,0.0,0.0
8473503,2024,James Reimer,BUF,G,5on4,5,1080.0,0.23,0.0,5.0,0.13,0.0,0.29,0.0,3.08,3.0,0.47,0.0,0.85,1.0,2.42,3.0,0.23,3.0,1.0,0.0,0.09,0.14,0.0,0.0,0.0,0.0,1.0,0.0,0.0
8480843,2024,Lukas Dostal,ANA,G,other,17,1272.0,3.0,4.0,49.0,1.43,0.0,4.53,5.0,23.33,25.0,0.59,0.0,13.41,9.0,8.87,14.0,2.74,20.0,11.0,1.0,0.92,1.33,0.75,1.0,2.0,1.0,17.0,0.0,0.0
8480843,2024,Lukas Dostal,ANA,G,all,17,61577.0,61.04,46.0,1220.0,43.7,65.0,155.65,142.0,643.27,576.0,17.37,2.0,342.41,277.0,250.56,343.0,58.07,631.0,179.0,65.0,17.87,22.56,20.61,12.0,19.0,15.0,345.0,0.0,0.0
8480843,2024,Lukas Dostal,ANA,G,5on5,17,50278.0,46.13,32.0,988.0,32.75,48.0,128.17,117.0,509.84,446.0,13.59,2.0,269.98,222.0,200.8,275.0,44.3,500.0,146.0,49.0,14.3,18.74,13.08,10.0,15.0,7.0,293.0,0.0,0.0
8480843,2024,Lukas Dostal,ANA,G,4on5,17,4490.0,10.27,9.0,153.0,8.55,17.0,20.19,20.0,90.65,89.0,0.38,0.0,52.63,41.0,27.27,34.0,9.41,92.0,16.0,14.0,1.98,1.74,6.54,1.0,1.0,7.0,31.0,0.0,0.0
8480843,2024,Lukas Dostal,ANA,G,5on4,17,5537.0,1.42,0.0,25.0,0.79,0.0,2.39,0.0,17.05,14.0,2.69,0.0,5.26,5.0,12.59,18.0,1.39,17.0,5.0,1.0,0.55,0.63,0.24,0.0,0.0,0.0,2.0,0.0,0.0
8480193,2024,Daniil Tarasov,CBJ,G,other,9,892.0,3.01,6.0,30.0,1.29,2.0,3.49,4.0,18.99,19.0,0.11,0.0,10.98,8.0,6.59,6.0,2.81,13.0,8.0,5.0,0.52,0.97,1.52,2.0,2.0,2.0,4.0,0.0,0.0
8480193,2024,Daniil Tarasov,CBJ,G,all,9,32138.0,29.19,38.0,532.0,19.31,39.0,65.72,46.0,280.54,268.0,9.41,0.0,155.65,115.0,106.58,147.0,27.66,262.0,89.0,35.0,7.85,11.0,10.34,12.0,18.0,8.0,146.0,0.0,0.0
8480193,2024,Daniil Tarasov,CBJ,G,5on5,9,26555.0,21.83,27.0,430.0,14.43,32.0,53.58,36.0,219.42,201.0,7.64,0.0,118.68,85.0,85.01,121.0,20.79,206.0,71.0,24.0,6.05,8.8,6.97,8.0,15.0,4.0,129.0,0.0,0.0
8480193,2024,Daniil Tarasov,CBJ,G,4on5,9,2240.0,4.1,5.0,66.0,3.39,5.0,8.03,6.0,38.3,43.0,0.35,0.0,24.75,20.0,12.39,17.0,3.81,39.0,9.0,6.0,1.13,1.13,1.85,2.0,1.0,2.0,12.0,0.0,0.0
8480193,2024,Daniil Tarasov,CBJ,G,5on4,9,2451.0,0.25,0.0,6.0,0.19,0.0,0.62,0.0,3.82,5.0,1.3,0.0,1.24,2.0,2.59,3.0,0.25,4.0,1.0,0.0,0.15,0.1,0.0,0.0,0.0,0.0,1.0,0.0,0.0
8480313,2024,Logan Thompson,WSH,G,other,14,1817.0,5.05,6.0,52.0,2.15,3.0,5.33,3.0,28.88,28.0,0.62,1.0,16.22,13.0,8.25,13.0,4.71,20.0,10.0,8.0,0.89,1.27,2.89,0.0,3.0,3.0,14.0,0.0,0.0
8480313,2024,Logan Thompson,WSH,G,all,14,50807.0,43.76,35.0,869.0,30.07,51.0,111.49,87.0,448.59,404.0,16.12,1.0,234.79,185.0,170.73,248.0,40.79,434.0,119.0,53.0,12.73,15.03,16.0,17.0,9.0,9.0,263.0,0.0,0.0
8480313,2024,Logan Thompson,WSH,G,5on5,14,41903.0,32.74,24.0,697.0,22.95,39.0,92.69,68.0,357.56,314.0,12.72,0.0,184.5,153.0,137.98,199.0,30.28,350.0,95.0,38.0,10.16,12.05,10.53,16.0,6.0,2.0,214.0,0.0,0.0
8480313,2024,Logan Thompson,WSH,G,4on5,14,3533.0,5.13,5.0,98.0,4.39,8.0,11.42,14.0,49.78,48.0,0.34,0.0,29.68,16.0,15.77,25.0,4.97,51.0,10.0,7.0,1.31,1.24,2.58,1.0,0.0,4.0,30.0,0.0,0.0
8480313,2024,Logan Thompson,WSH,G,5on4,14,3554.0,0.55,0.0,18.0,0.41,1.0,1.68,1.0,9.93,12.0,2.25,0.0,3.26,3.0,7.77,9.0,0.55,12.0,2.0,0.0,0.3,0.25,0.0,0.0,0.0,0.0,4.0,0.0,0.0
8471734,2024,Jonathan Quick,NYR,G,other,8,1021.0,1.31,2.0,25.0,0.94,0.0,3.13,2.0,12.69,10.0,0.31,1.0,7.03,5.0,4.18,8.0,1.23,10.0,7.0,0.0,0.36,0.95,0.0,0.0,2.0,0.0,8.0,0.0,0.0
8471734,2024,Jonathan Quick,NYR,G,all,8,26534.0,20.71,19.0,449.0,16.61,25.0,62.12,30.0,246.36,224.0,8.11,2.0,133.84,119.0,94.58,142.0,20.18,262.0,55.0,19.0,7.46,7.06,6.2,10.0,5.0,4.0,113.0,2.0,1.0
8471734,2024,Jonathan Quick,NYR,G,5on5,8,22367.0,14.68,13.0,366.0,12.51,21.0,51.88,24.0,198.71,184.0,6.97,1.0,107.9,94.0,78.38,119.0,14.33,220.0,39.0,13.0,6.31,4.98,3.39,9.0,3.0,1.0,94.0,2.0,1.0
8471734,2024,Jonathan Quick,NYR,G,4on5,8,1815.0,4.3,3.0,51.0,2.97,4.0,6.37,4.0,30.42,26.0,0.08,0.0,17.45,17.0,8.94,13.0,4.2,27.0,9.0,5.0,0.62,1.12,2.56,0.0,0.0,3.0,10.0,0.0,0.0
8471734,2024,Jonathan Quick,NYR,G,5on4,8,1331.0,0.41,1.0,7.0,0.19,0.0,0.74,0.0,4.54,4.0,0.74,0.0,1.45,3.0,3.08,2.0,0.41,5.0,0.0,1.0,0.17,0.0,0.25,1.0,0.0,0.0,1.0,0.0,0.0
8482657,2024,Sebastian Cossa,DET,G,other,1,120.0,0.08,0.0,1.0,0.06,0.0,0.13,0.0,0.87,0.0,0.15,0.0,0.36,0.0,0.35,1.0,0.08,1.0,0.0,0.0,0.08,0.0,0.0,0.0,0.0,0.0,0.0,0.0,0.0
8482657,2024,Sebastian Cossa,DET,G,all,1,2700.0,1.67,2.0,34.0,1.12,1.0,3.75,2.0,16.7,14.0,0.77,0.0,9.02,4.0,6.88,14.0,1.63,17.0,5.0,1.0,0.78,0.59,0.31,1.0,0.0,1.0,11.0,0.0,0.0
8482657,2024,Sebastian Cossa,DET,G,5on5,1,2167.0,1.3,2.0,27.0,0.87,1.0,3.03,2.0,12.93,12.0,0.51,0.0,7.15,4.0,5.2,9.0,1.27,14.0,3.0,1.0,0.6,0.39,0.31,1.0,0.0,1.0,9.0,0.0,0.0
8482657,2024,Sebastian Cossa,DET,G,4on5,1,240.0,0.28,0.0,5.0,0.15,0.0,0.39,0.0,2.11,1.0,0.02,0.0,1.25,0.0,0.86,3.0,0.28,1.0,2.0,0.0,0.08,0.2,0.0,0.0,0.0,0.0,2.0,0.0,0.0
8482657,2024,Sebastian Cossa,DET,G,5on4,1,173.0,0.02,0.0,1.0,0.03,0.0,0.19,0.0,0.79,1.0,0.09,0.0,0.26,0.0,0.48,1.0,0.01,1.0,0.0,0.0,0.02,0.0,0.0,0.0,0.0,0.0,0.0,0.0,0.0
8476412,2024,Jordan Binnington,STL,G,other,22,1622.0,2.27,3.0,42.0,1.55,1.0,4.16,2.0,22.35,17.0,0.36,0.0,12.7,9.0,8.62,15.0,2.21,21.0,8.0,1.0,0.98,0.98,0.3,0.0,3.0,0.0,12.0,0.0,0.0
8476412,2024,Jordan Binnington,STL,G,all,22,77214.0,66.13,64.0,1296.0,45.39,66.0,164.08,126.0,674.14,612.0,18.87,0.0,361.6,293.0,261.34,371.0,61.46,674.0,168.0,79.0,19.41,20.98,25.74,24.0,23.0,17.0,375.0,2.0,1.0
8476412,2024,Jordan Binnington,STL,G,5on5,22,65498.0,47.6,48.0,1065.0,35.16,51.0,139.23,112.0,550.09,502.0,15.94,0.0,295.25,233.0,216.51,307.0,45.98,566.0,131.0,55.0,15.94,16.34,15.32,23.0,19.0,6.0,313.0,0.0,0.0
8476412,2024,Jordan Binnington,STL,G,4on5,22,5623.0,15.16,11.0,170.0,8.08,13.0,18.62,11.0,88.66,80.0,0.35,0.0,49.78,50.0,27.26,37.0,12.17,74.0,27.0,21.0,2.15,3.4,9.61,1.0,1.0,9.0,48.0,0.0,0.0
8476412,2024,Jordan Binnington,STL,G,5on4,22,4471.0,0.87,1.0,18.0,0.53,1.0,1.96,1.0,12.13,12.0,2.2,0.0,3.63,1.0,8.64,12.0,0.86,13.0,2.0,1.0,0.33,0.27,0.27,0.0,0.0,1.0,2.0,2.0,1.0
8477480,2024,Eric Comrie,WPG,G,other,7,711.0,0.57,0.0,19.0,0.46,0.0,1.83,2.0,8.27,6.0,0.24,0.0,4.4,7.0,3.48,2.0,0.56,10.0,1.0,0.0,0.43,0.14,0.0,0.0,0.0,0.0,8.0,0.0,0.0
8477480,2024,Eric Comrie,WPG,G,all,7,24768.0,19.26,21.0,430.0,15.05,15.0,55.93,52.0,226.89,213.0,7.31,1.0,126.18,115.0,90.03,111.0,18.61,240.0,55.0,19.0,7.09,6.72,5.45,9.0,6.0,6.0,116.0,0.0,0.0
8477480,2024,Eric Comrie,WPG,G,5on5,7,20360.0,14.1,16.0,351.0,11.95,13.0,47.31,46.0,184.83,178.0,6.21,1.0,102.52,92.0,74.9,90.0,13.56,199.0,44.0,14.0,5.49,5.3,3.3,8.0,5.0,3.0,94.0,0.0,0.0
8477480,2024,Eric Comrie,WPG,G,4on5,7,1614.0,4.1,5.0,54.0,2.36,2.0,6.23,4.0,29.62,24.0,0.11,0.0,18.09,15.0,9.27,15.0,4.05,28.0,9.0,4.0,1.07,1.16,1.87,1.0,1.0,3.0,13.0,0.0,0.0
8477480,2024,Eric Comrie,WPG,G,5on4,7,2083.0,0.5,0.0,6.0,0.29,0.0,0.55,0.0,4.17,5.0,0.75,0.0,1.16,1.0,2.37,4.0,0.44,3.0,1.0,1.0,0.1,0.11,0.29,0.0,0.0,0.0,1.0,0.0,0.0
8482446,2024,Joel Blomqvist,PIT,G,other,8,549.0,1.34,1.0,12.0,0.69,2.0,1.64,0.0,7.39,8.0,0.11,0.0,4.63,4.0,1.32,3.0,1.01,4.0,4.0,2.0,0.11,0.52,0.71,0.0,0.0,1.0,2.0,0.0,0.0
8482446,2024,Joel Blomqvist,PIT,G,all,8,24973.0,26.94,25.0,480.0,17.23,30.0,65.5,53.0,263.2,261.0,6.8,1.0,137.26,120.0,100.3,128.0,25.49,242.0,84.0,30.0,6.96,10.45,9.53,10.0,12.0,3.0,124.0,0.0,0.0
8482446,2024,Joel Blomqvist,PIT,G,5on5,8,20370.0,19.26,21.0,385.0,13.84,26.0,56.15,46.0,217.53,213.0,5.52,1.0,111.63,96.0,84.01,103.0,18.3,208.0,65.0,19.0,5.76,8.38,5.12,9.0,12.0,0.0,93.0,0.0,0.0
8482446,2024,Joel Blomqvist,PIT,G,4on5,8,2014.0,5.65,3.0,72.0,2.31,2.0,6.57,7.0,31.11,33.0,0.14,0.0,18.66,19.0,9.79,13.0,5.49,23.0,13.0,8.0,0.82,1.35,3.47,1.0,0.0,2.0,28.0,0.0,0.0
8482446,2024,Joel Blomqvist,PIT,G,5on4,8,2040.0,0.69,0.0,11.0,0.39,0.0,1.14,0.0,7.17,7.0,1.03,0.0,2.34,1.0,5.18,9.0,0.69,7.0,2.0,1.0,0.26,0.21,0.22,0.0,0.0,0.0,1.0,0.0,0.0
8474596,2024,Jake Allen,NJD,G,other,10,1827.0,4.33,1.0,44.0,1.58,2.0,4.1,7.0,20.96,16.0,0.34,1.0,12.9,12.0,5.33,7.0,3.09,16.0,6.0,7.0,0.66,0.67,3.0,0.0,0.0,1.0,15.0,0.0,0.0
8474596,2024,Jake Allen,NJD,G,all,10,35457.0,29.6,27.0,592.0,20.95,38.0,75.37,56.0,309.63,270.0,9.83,2.0,167.32,134.0,120.38,168.0,27.08,326.0,62.0,36.0,8.65,7.71,13.25,8.0,10.0,9.0,168.0,0.0,0.0
8474596,2024,Jake Allen,NJD,G,5on5,10,28249.0,19.07,18.0,474.0,15.37,27.0,62.37,45.0,242.84,212.0,7.14,0.0,132.37,110.0,98.56,135.0,18.06,266.0,49.0,21.0,6.92,6.21,5.94,7.0,8.0,3.0,138.0,0.0,0.0
8474596,2024,Jake Allen,NJD,G,4on5,10,2517.0,5.41,6.0,60.0,3.56,8.0,7.41,4.0,35.74,33.0,0.36,0.0,19.02,9.0,9.55,19.0,5.16,35.0,3.0,8.0,0.74,0.35,4.31,0.0,1.0,5.0,14.0,0.0,0.0
8474596,2024,Jake Allen,NJD,G,5on4,10,2864.0,0.69,1.0,13.0,0.39,1.0,1.37,0.0,9.29,8.0,1.92,1.0,2.7,3.0,6.56,7.0,0.67,9.0,3.0,0.0,0.32,0.38,0.0,1.0,0.0,0.0,1.0,0.0,0.0
8477970,2024,Vitek Vanecek,SJS,G,other,13,1024.0,3.18,1.0,36.0,1.8,6.0,4.86,3.0,20.59,21.0,0.3,0.0,10.29,9.0,6.04,8.0,2.8,16.0,7.0,4.0,0.72,0.91,1.56,1.0,0.0,0.0,9.0,0.0,0.0
8477970,2024,Vitek Vanecek,SJS,G,all,13,40469.0,38.27,43.0,757.0,28.35,59.0,95.26,65.0,398.78,369.0,10.48,0.0,221.08,184.0,155.31,201.0,35.96,407.0,98.0,47.0,11.54,11.78,14.95,16.0,18.0,9.0,205.0,0.0,0.0
8477970,2024,Vitek Vanecek,SJS,G,5on5,13,31427.0,27.08,30.0,577.0,20.57,48.0,75.7,55.0,304.61,279.0,8.39,0.0,167.43,134.0,121.75,156.0,25.35,320.0,70.0,33.0,9.15,8.56,9.38,13.0,13.0,4.0,154.0,0.0,0.0
8477970,2024,Vitek Vanecek,SJS,G,4on5,13,4514.0,7.08,11.0,124.0,5.38,5.0,12.63,4.0,62.14,60.0,0.16,0.0,39.28,38.0,20.55,29.0,6.88,61.0,17.0,9.0,1.38,1.92,3.78,1.0,5.0,5.0,37.0,0.0,0.0
8477970,2024,Vitek Vanecek,SJS,G,5on4,13,3504.0,0.55,1.0,13.0,0.33,0.0,1.22,2.0,7.57,7.0,1.47,0.0,2.29,1.0,5.37,6.0,0.55,8.0,1.0,1.0,0.22,0.1,0.24,1.0,0.0,0.0,3.0,0.0,0.0
8475683,2024,Sergei Bobrovsky,FLA,G,other,20,2693.0,6.4,3.0,88.0,3.83,4.0,10.88,8.0,51.27,52.0,0.72,0.0,29.33,26.0,17.81,29.0,5.82,49.0,13.0,8.0,1.88,1.68,2.84,2.0,0.0,1.0,18.0,0.0,0.0
8475683,2024,Sergei Bobrovsky,FLA,G,all,20,71428.0,52.15,57.0,1013.0,37.67,57.0,138.26,115.0,559.52,529.0,22.22,2.0,302.93,243.0,216.26,294.0,49.72,584.0,124.0,58.0,16.49,15.26,20.41,21.0,22.0,14.0,247.0,0.0,0.0
8475683,2024,Sergei Bobrovsky,FLA,G,5on5,20,57710.0,32.94,41.0,772.0,25.39,41.0,107.38,88.0,414.39,388.0,17.42,1.0,221.87,175.0,166.74,223.0,31.69,446.0,91.0,31.0,12.47,11.32,9.15,17.0,19.0,5.0,204.0,0.0,0.0
8475683,2024,Sergei Bobrovsky,FLA,G,4on5,20,5126.0,12.27,12.0,139.0,8.07,12.0,18.54,18.0,85.25,80.0,0.59,0.0,48.7,39.0,25.42,35.0,11.66,79.0,18.0,19.0,1.82,2.04,8.41,1.0,3.0,8.0,23.0,0.0,0.0
8475683,2024,Sergei Bobrovsky,FLA,G,5on4,20,5899.0,0.47,1.0,12.0,0.35,0.0,1.29,0.0,7.83,8.0,3.35,1.0,2.71,3.0,5.91,7.0,0.47,9.0,2.0,0.0,0.25,0.22,0.0,1.0,0.0,0.0,1.0,0.0,0.0
8479973,2024,Stuart Skinner,EDM,G,other,19,1269.0,2.73,3.0,47.0,1.9,4.0,5.1,3.0,23.55,24.0,0.6,0.0,13.49,12.0,8.89,11.0,2.65,22.0,7.0,4.0,0.89,0.77,1.07,2.0,0.0,1.0,14.0,0.0,0.0
8479973,2024,Stuart Skinner,EDM,G,all,19,66547.0,45.61,52.0,1008.0,33.75,53.0,131.65,109.0,525.15,494.0,19.71,0.0,284.49,210.0,208.45,297.0,44.28,552.0,116.0,54.0,15.38,13.7,16.54,22.0,19.0,11.0,286.0,0.0,0.0
8479973,2024,Stuart Skinner,EDM,G,5on5,19,56661.0,36.25,38.0,843.0,26.87,46.0,113.65,96.0,439.58,410.0,16.79,0.0,234.21,169.0,175.06,251.0,35.14,461.0,99.0,41.0,12.85,11.75,11.64,18.0,15.0,5.0,242.0,0.0,0.0
8479973,2024,Stuart Skinner,EDM,G,4on5,19,4360.0,5.92,11.0,104.0,4.44,2.0,11.21,10.0,52.64,49.0,0.35,0.0,33.09,26.0,17.55,25.0,5.78,57.0,9.0,8.0,1.33,1.05,3.54,2.0,4.0,5.0,30.0,0.0,0.0
8479973,2024,Stuart Skinner,EDM,G,5on4,19,4257.0,0.72,0.0,14.0,0.54,1.0,1.68,0.0,9.39,11.0,1.97,0.0,3.71,3.0,6.95,10.0,0.71,12.0,1.0,1.0,0.3,0.13,0.29,0.0,0.0,0.0,0.0,0.0,0.0
8479361,2024,Joseph Woll,TOR,G,other,11,1571.0,2.04,3.0,30.0,1.4,0.0,2.73,4.0,15.53,12.0,0.74,0.0,10.65,11.0,3.67,3.0,1.91,13.0,7.0,1.0,0.68,1.07,0.29,2.0,1.0,0.0,9.0,0.0,0.0
8479361,2024,Joseph Woll,TOR,G,all,11,38322.0,28.47,23.0,615.0,20.23,32.0,76.93,74.0,308.18,290.0,11.58,1.0,170.43,137.0,122.63,163.0,26.63,334.0,61.0,34.0,8.97,7.7,11.79,12.0,7.0,4.0,186.0,0.0,0.0
8479361,2024,Joseph Woll,TOR,G,5on5,11,31858.0,16.95,15.0,495.0,14.53,22.0,63.49,59.0,237.38,222.0,8.91,1.0,131.94,101.0,99.0,137.0,16.62,271.0,46.0,17.0,6.92,5.69,4.34,10.0,4.0,1.0,161.0,0.0,0.0
8479361,2024,Joseph Woll,TOR,G,4on5,11,2301.0,7.82,5.0,70.0,3.54,6.0,8.26,10.0,41.85,41.0,0.16,0.0,23.35,22.0,11.81,13.0,6.63,37.0,7.0,12.0,0.87,0.83,6.12,0.0,2.0,3.0,14.0,0.0,0.0
8479361,2024,Joseph Woll,TOR,G,5on4,11,2592.0,1.46,0.0,15.0,0.6,4.0,1.88,0.0,10.65,12.0,1.67,0.0,3.01,2.0,6.64,8.0,1.27,9.0,1.0,4.0,0.31,0.11,1.04,0.0,0.0,0.0,1.0,0.0,0.0
8483710,2024,Dennis Hildeby,TOR,G,other,2,347.0,0.27,0.0,6.0,0.2,0.0,0.54,2.0,2.62,3.0,0.1,0.0,1.95,2.0,0.93,0.0,0.27,3.0,1.0,0.0,0.13,0.15,0.0,0.0,0.0,0.0,2.0,0.0,0.0
8483710,2024,Dennis Hildeby,TOR,G,all,2,7150.0,5.65,8.0,146.0,4.58,8.0,17.85,18.0,70.3,62.0,1.75,0.0,39.41,30.0,27.99,34.0,5.48,79.0,15.0,4.0,2.5,1.92,1.24,3.0,3.0,2.0,48.0,0.0,0.0
8483710,2024,Dennis Hildeby,TOR,G,5on5,2,5304.0,3.99,7.0,109.0,3.14,8.0,14.35,12.0,53.19,43.0,1.36,0.0,28.78,22.0,20.83,24.0,3.87,60.0,9.0,4.0,1.7,1.05,1.24,3.0,2.0,2.0,36.0,0.0,0.0
8483710,2024,Dennis Hildeby,TOR,G,4on5,2,991.0,1.28,1.0,26.0,1.06,0.0,2.36,4.0,11.29,12.0,0.06,0.0,7.32,6.0,3.6,5.0,1.24,11.0,5.0,0.0,0.56,0.72,0.0,0.0,1.0,0.0,10.0,0.0,0.0
8483710,2024,Dennis Hildeby,TOR,G,5on4,2,508.0,0.1,0.0,5.0,0.18,0.0,0.6,0.0,3.2,4.0,0.22,0.0,1.36,0.0,2.62,5.0,0.1,5.0,0.0,0.0,0.1,0.0,0.0,0.0,0.0,0.0,0.0,0.0,0.0
8475717,2024,Calvin Pickard,EDM,G,other,11,586.0,0.32,0.0,10.0,0.21,0.0,0.74,1.0,3.9,4.0,0.26,0.0,1.94,2.0,1.67,2.0,0.32,4.0,1.0,0.0,0.2,0.13,0.0,0.0,0.0,0.0,5.0,0.0,0.0
8475717,2024,Calvin Pickard,EDM,G,all,11,37389.0,24.58,25.0,500.0,15.86,22.0,62.64,48.0,259.48,253.0,11.54,0.0,138.33,103.0,104.01,156.0,23.87,259.0,71.0,24.0,7.59,8.86,8.14,9.0,8.0,8.0,146.0,0.0,0.0
8475717,2024,Calvin Pickard,EDM,G,5on5,11,31736.0,19.05,17.0,430.0,13.49,21.0,55.69,39.0,221.3,214.0,9.69,0.0,118.69,88.0,87.73,137.0,18.41,228.0,56.0,18.0,6.53,7.23,5.3,8.0,6.0,3.0,128.0,0.0,0.0
8475717,2024,Calvin Pickard,EDM,G,4on5,11,2016.0,4.42,8.0,45.0,1.73,0.0,4.66,8.0,24.19,27.0,0.13,0.0,14.66,10.0,7.76,8.0,4.4,18.0,11.0,5.0,0.69,1.15,2.58,1.0,2.0,5.0,11.0,0.0,0.0
8475717,2024,Calvin Pickard,EDM,G,5on4,11,3051.0,0.79,0.0,15.0,0.44,1.0,1.55,0.0,10.09,8.0,1.37,0.0,3.04,3.0,6.85,9.0,0.75,9.0,3.0,1.0,0.18,0.35,0.26,0.0,0.0,0.0,2.0,0.0,0.0
8481544,2024,Mads Sogaard,OTT,G,other,1,120.0,0.06,0.0,1.0,0.04,0.0,0.15,0.0,0.71,1.0,0.09,0.0,0.33,0.0,0.4,1.0,0.06,1.0,0.0,0.0,0.06,0.0,0.0,0.0,0.0,0.0,0.0,0.0,0.0
8481544,2024,Mads Sogaard,OTT,G,all,1,2069.0,2.0,4.0,32.0,1.05,0.0,3.87,1.0,16.14,17.0,0.89,0.0,8.82,6.0,6.7,12.0,1.83,16.0,4.0,3.0,0.45,0.47,1.08,2.0,1.0,1.0,9.0,0.0,0.0
8481544,2024,Mads Sogaard,OTT,G,5on5,1,1563.0,1.11,3.0,26.0,0.83,0.0,3.19,0.0,12.82,13.0,0.61,0.0,7.08,5.0,5.37,10.0,1.1,13.0,4.0,1.0,0.38,0.47,0.26,2.0,1.0,0.0,8.0,0.0,0.0
8481544,2024,Mads Sogaard,OTT,G,4on5,1,146.0,0.83,1.0,4.0,0.11,0.0,0.38,1.0,2.3,2.0,0.0,0.0,1.01,0.0,0.61,1.0,0.66,1.0,0.0,2.0,0.01,0.0,0.82,0.0,0.0,1.0,1.0,0.0,0.0
8481544,2024,Mads Sogaard,OTT,G,5on4,1,240.0,0.01,0.0,1.0,0.07,0.0,0.14,0.0,0.3,1.0,0.19,0.0,0.41,1.0,0.32,0.0,0.01,1.0,0.0,0.0,0.01,0.0,0.0,0.0,0.0,0.0,0.0,0.0,0.0
8474593,2024,Jacob Markstrom,NJD,G,other,22,2179.0,4.27,2.0,71.0,2.91,5.0,8.35,6.0,37.21,32.0,0.66,0.0,23.27,24.0,11.88,14.0,3.67,30.0,17.0,5.0,1.18,1.75,1.34,1.0,1.0,0.0,19.0,0.0,0.0
8474593,2024,Jacob Markstrom,NJD,G,all,22,79127.0,54.46,53.0,1250.0,43.15,63.0,158.44,118.0,637.63,564.0,24.54,0.0,350.12,276.0,253.14,369.0,52.07,665.0,164.0,52.0,19.63,19.73,15.1,27.0,19.0,7.0,369.0,0.0,0.0
8474593,2024,Jacob Markstrom,NJD,G,5on5,22,64674.0,38.07,40.0,966.0,30.73,45.0,127.59,99.0,490.06,439.0,19.74,0.0,266.81,203.0,199.14,291.0,37.11,528.0,119.0,32.0,15.18,14.47,8.42,21.0,15.0,4.0,287.0,0.0,0.0
8474593,2024,Jacob Markstrom,NJD,G,4on5,22,6299.0,9.43,9.0,178.0,8.14,11.0,19.2,12.0,86.71,70.0,0.47,0.0,52.59,48.0,27.73,40.0,8.7,90.0,17.0,13.0,2.63,2.06,4.73,4.0,2.0,3.0,58.0,0.0,0.0
8474593,2024,Jacob Markstrom,NJD,G,5on4,22,5975.0,2.22,1.0,30.0,1.09,2.0,2.63,1.0,19.64,20.0,3.53,0.0,5.87,1.0,12.5,20.0,2.11,15.0,8.0,2.0,0.52,1.09,0.61,1.0,0.0,0.0,5.0,0.0,0.0
8484293,2024,Yaniv Perets,CAR,G,other,1,0.0,0.0,0.0,0.0,0.0,0.0,0.0,0.0,0.0,0.0,0.0,0.0,0.0,0.0,0.0,0.0,0.0,0.0,0.0,0.0,0.0,0.0,0.0,0.0,0.0,0.0,0.0,0.0,0.0
8484293,2024,Yaniv Perets,CAR,G,all,1,492.0,0.97,1.0,10.0,0.58,1.0,1.44,1.0,6.79,7.0,0.04,0.0,3.65,4.0,2.13,2.0,0.87,4.0,3.0,2.0,0.09,0.26,0.62,0.0,1.0,0.0,1.0,0.0,0.0
8484293,2024,Yaniv Perets,CAR,G,5on5,1,381.0,0.26,0.0,7.0,0.28,0.0,1.06,1.0,4.5,4.0,0.03,0.0,2.61,4.0,1.65,1.0,0.25,4.0,2.0,0.0,0.09,0.17,0.0,0.0,0.0,0.0,1.0,0.0,0.0
8484293,2024,Yaniv Perets,CAR,G,4on5,1,111.0,0.71,1.0,3.0,0.3,1.0,0.38,0.0,2.29,3.0,0.02,0.0,1.04,0.0,0.48,1.0,0.61,0.0,1.0,2.0,0.0,0.09,0.62,0.0,1.0,0.0,0.0,0.0,0.0
8484293,2024,Yaniv Perets,CAR,G,5on4,1,0.0,0.0,0.0,0.0,0.0,0.0,0.0,0.0,0.0,0.0,0.0,0.0,0.0,0.0,0.0,0.0,0.0,0.0,0.0,0.0,0.0,0.0,0.0,0.0,0.0,0.0,0.0,0.0,0.0
8476434,2024,John Gibson,ANA,G,other,9,803.0,4.67,2.0,45.0,2.0,1.0,4.12,9.0,21.84,26.0,0.23,0.0,14.26,13.0,4.9,6.0,3.12,12.0,11.0,8.0,0.49,1.4,2.79,0.0,1.0,1.0,14.0,0.0,0.0
8476434,2024,John Gibson,ANA,G,all,9,32292.0,32.83,27.0,583.0,21.28,31.0,71.92,82.0,303.05,278.0,9.38,2.0,164.38,120.0,115.97,157.0,30.26,291.0,84.0,42.0,8.38,10.49,13.96,4.0,11.0,12.0,166.0,0.0,0.0
8476434,2024,John Gibson,ANA,G,5on5,9,27061.0,20.17,18.0,460.0,15.27,22.0,58.92,63.0,234.88,212.0,7.17,0.0,126.48,91.0,95.16,130.0,19.43,242.0,60.0,22.0,6.83,7.44,5.89,4.0,9.0,5.0,136.0,0.0,0.0
8476434,2024,John Gibson,ANA,G,4on5,9,2009.0,6.66,6.0,65.0,3.37,7.0,7.15,9.0,36.29,32.0,0.1,0.0,19.82,14.0,10.8,13.0,6.4,30.0,9.0,10.0,0.75,1.15,4.77,0.0,1.0,5.0,16.0,0.0,0.0
8476434,2024,John Gibson,ANA,G,5on4,9,2419.0,0.7,0.0,5.0,0.31,0.0,0.56,1.0,4.1,4.0,1.82,2.0,1.12,1.0,2.15,3.0,0.7,1.0,3.0,1.0,0.02,0.39,0.3,0.0,0.0,0.0,0.0,0.0,0.0
8477992,2024,Jonas Johansson,TBL,G,other,5,301.0,0.2,0.0,3.0,0.16,0.0,0.36,0.0,1.79,2.0,0.39,0.0,0.56,2.0,0.68,0.0,0.19,1.0,1.0,0.0,0.03,0.17,0.0,0.0,0.0,0.0,1.0,0.0,0.0
8477992,2024,Jonas Johansson,TBL,G,all,5,16079.0,13.92,20.0,293.0,10.51,12.0,36.68,32.0,151.86,155.0,4.82,0.0,82.5,71.0,59.51,73.0,13.34,151.0,41.0,16.0,4.39,4.73,4.8,9.0,7.0,4.0,85.0,0.0,0.0
8477992,2024,Jonas Johansson,TBL,G,5on5,5,13663.0,11.12,14.0,251.0,8.59,11.0,32.41,31.0,129.55,129.0,3.64,0.0,70.31,57.0,51.46,65.0,10.72,134.0,30.0,14.0,3.54,3.45,4.13,8.0,2.0,4.0,73.0,0.0,0.0
8477992,2024,Jonas Johansson,TBL,G,4on5,5,1051.0,2.31,4.0,34.0,1.61,1.0,3.34,1.0,16.92,19.0,0.23,0.0,10.17,11.0,4.95,6.0,2.15,12.0,9.0,2.0,0.65,0.99,0.68,0.0,4.0,0.0,11.0,0.0,0.0
8477992,2024,Jonas Johansson,TBL,G,5on4,5,1064.0,0.24,1.0,4.0,0.11,0.0,0.42,0.0,2.92,4.0,0.54,0.0,1.06,1.0,2.08,2.0,0.23,3.0,1.0,0.0,0.11,0.12,0.0,0.0,1.0,0.0,0.0,0.0,0.0
8481529,2024,Trent Miner,COL,G,other,1,0.0,0.0,0.0,0.0,0.0,0.0,0.0,0.0,0.0,0.0,0.0,0.0,0.0,0.0,0.0,0.0,0.0,0.0,0.0,0.0,0.0,0.0,0.0,0.0,0.0,0.0,0.0,0.0,0.0
8481529,2024,Trent Miner,COL,G,all,1,2098.0,0.53,1.0,29.0,0.68,0.0,3.18,3.0,11.5,13.0,0.45,0.0,7.5,3.0,5.66,11.0,0.53,17.0,1.0,0.0,0.45,0.08,0.0,1.0,0.0,0.0,11.0,0.0,0.0
8481529,2024,Trent Miner,COL,G,5on5,1,2098.0,0.53,1.0,29.0,0.68,0.0,3.18,3.0,11.5,13.0,0.45,0.0,7.5,3.0,5.66,11.0,0.53,17.0,1.0,0.0,0.45,0.08,0.0,1.0,0.0,0.0,11.0,0.0,0.0
8481529,2024,Trent Miner,COL,G,4on5,1,0.0,0.0,0.0,0.0,0.0,0.0,0.0,0.0,0.0,0.0,0.0,0.0,0.0,0.0,0.0,0.0,0.0,0.0,0.0,0.0,0.0,0.0,0.0,0.0,0.0,0.0,0.0,0.0,0.0
8481529,2024,Trent Miner,COL,G,5on4,1,0.0,0.0,0.0,0.0,0.0,0.0,0.0,0.0,0.0,0.0,0.0,0.0,0.0,0.0,0.0,0.0,0.0,0.0,0.0,0.0,0.0,0.0,0.0,0.0,0.0,0.0,0.0,0.0,0.0
8478007,2024,Elvis Merzlikins,CBJ,G,other,19,1921.0,3.45,3.0,60.0,2.31,0.0,6.71,5.0,31.58,29.0,0.52,0.0,19.0,20.0,11.4,15.0,3.19,32.0,8.0,4.0,1.34,1.0,1.12,0.0,2.0,1.0,16.0,0.0,0.0
8478007,2024,Elvis Merzlikins,CBJ,G,all,19,68246.0,52.98,58.0,1125.0,38.95,60.0,139.93,91.0,573.95,518.0,20.04,4.0,315.84,249.0,224.89,330.0,51.07,592.0,137.0,63.0,16.52,17.12,19.34,24.0,18.0,16.0,333.0,2.0,1.0
8478007,2024,Elvis Merzlikins,CBJ,G,5on5,19,56452.0,38.5,36.0,903.0,28.95,54.0,114.73,74.0,453.73,396.0,16.87,4.0,244.9,185.0,182.63,273.0,37.07,480.0,101.0,44.0,13.16,12.76,12.58,20.0,10.0,6.0,278.0,2.0,1.0
8478007,2024,Elvis Merzlikins,CBJ,G,4on5,19,5669.0,10.27,18.0,150.0,7.22,6.0,17.33,12.0,80.64,82.0,0.65,0.0,49.23,43.0,25.21,33.0,10.04,72.0,26.0,14.0,1.84,3.04,5.39,3.0,6.0,9.0,38.0,0.0,0.0
8478007,2024,Elvis Merzlikins,CBJ,G,5on4,19,4204.0,0.76,1.0,12.0,0.46,0.0,1.16,0.0,8.0,11.0,2.01,0.0,2.71,1.0,5.64,9.0,0.76,8.0,2.0,1.0,0.19,0.33,0.25,1.0,0.0,0.0,1.0,0.0,0.0
8481020,2024,Justus Annunen,NSH,G,other,13,1799.0,2.98,4.0,52.0,2.0,2.0,4.8,5.0,24.26,23.0,0.72,0.0,16.35,16.0,7.0,7.0,2.8,18.0,14.0,2.0,0.76,1.7,0.53,1.0,3.0,0.0,18.0,0.0,0.0
8481020,2024,Justus Annunen,NSH,G,all,13,38334.0,29.55,31.0,606.0,21.12,28.0,74.95,67.0,312.26,282.0,11.05,0.0,169.05,135.0,121.88,166.0,28.32,301.0,99.0,27.0,8.79,12.49,8.27,14.0,12.0,5.0,179.0,0.0,0.0
8481020,2024,Justus Annunen,NSH,G,5on5,13,31405.0,20.48,19.0,490.0,15.91,22.0,62.28,55.0,247.12,220.0,8.52,0.0,132.16,102.0,98.91,140.0,19.74,251.0,69.0,18.0,6.89,8.93,4.65,11.0,6.0,2.0,152.0,0.0,0.0
8481020,2024,Justus Annunen,NSH,G,4on5,13,2051.0,5.32,7.0,49.0,2.79,3.0,6.24,6.0,30.76,31.0,0.08,0.0,17.59,17.0,9.04,9.0,5.01,24.0,11.0,7.0,0.94,1.29,3.09,2.0,2.0,3.0,7.0,0.0,0.0
8481020,2024,Justus Annunen,NSH,G,5on4,13,3079.0,0.77,1.0,15.0,0.41,1.0,1.63,1.0,10.13,8.0,1.74,0.0,2.94,0.0,6.92,10.0,0.77,8.0,5.0,0.0,0.2,0.57,0.0,0.0,1.0,0.0,2.0,0.0,0.0
8482783,2024,Aleksei Kolosov,PHI,G,other,10,1131.0,3.08,5.0,41.0,1.61,3.0,4.73,2.0,23.35,19.0,0.29,0.0,11.2,7.0,10.62,15.0,2.75,20.0,9.0,3.0,0.81,1.03,1.24,3.0,0.0,2.0,9.0,0.0,0.0
8482783,2024,Aleksei Kolosov,PHI,G,all,10,34218.0,30.03,29.0,606.0,19.62,29.0,71.74,51.0,299.23,261.0,8.92,2.0,158.36,121.0,119.27,179.0,28.54,298.0,78.0,33.0,9.32,9.83,10.88,11.0,5.0,13.0,197.0,0.0,0.0
8482783,2024,Aleksei Kolosov,PHI,G,5on5,10,29098.0,19.02,18.0,482.0,14.13,21.0,56.85,43.0,226.75,195.0,7.93,1.0,121.84,87.0,91.52,142.0,18.3,236.0,58.0,17.0,7.23,7.33,4.45,8.0,5.0,5.0,171.0,0.0,0.0
8482783,2024,Aleksei Kolosov,PHI,G,4on5,10,2185.0,7.63,6.0,76.0,3.66,5.0,9.47,5.0,43.69,40.0,0.16,0.0,23.64,26.0,13.17,17.0,7.2,36.0,10.0,13.0,1.1,1.33,5.2,0.0,0.0,6.0,17.0,0.0,0.0
8482783,2024,Aleksei Kolosov,PHI,G,5on4,10,1804.0,0.31,0.0,7.0,0.21,0.0,0.69,1.0,5.44,7.0,0.55,1.0,1.69,1.0,3.96,5.0,0.3,6.0,1.0,0.0,0.17,0.14,0.0,0.0,0.0,0.0,0.0,0.0,0.0
8470594,2024,Marc-Andre Fleury,MIN,G,other,8,580.0,1.59,2.0,20.0,0.81,2.0,1.91,0.0,10.54,9.0,0.26,0.0,5.66,4.0,3.65,6.0,1.51,7.0,5.0,2.0,0.27,0.67,0.65,1.0,0.0,1.0,6.0,0.0,0.0
8470594,2024,Marc-Andre Fleury,MIN,G,all,8,26523.0,16.14,20.0,399.0,13.21,12.0,49.36,28.0,204.75,208.0,7.14,0.0,113.91,102.0,82.74,120.0,15.75,222.0,49.0,11.0,6.02,6.43,3.68,8.0,9.0,3.0,117.0,0.0,0.0
8470594,2024,Marc-Andre Fleury,MIN,G,5on5,8,22474.0,11.09,13.0,336.0,10.3,8.0,42.01,28.0,167.37,175.0,5.86,0.0,94.09,82.0,69.08,101.0,10.88,189.0,39.0,4.0,4.94,5.16,0.99,5.0,8.0,0.0,104.0,0.0,0.0
8470594,2024,Marc-Andre Fleury,MIN,G,4on5,8,1515.0,2.74,4.0,35.0,1.82,2.0,4.54,0.0,21.58,18.0,0.1,0.0,12.67,14.0,6.6,9.0,2.65,22.0,4.0,3.0,0.68,0.51,1.55,2.0,0.0,2.0,6.0,0.0,0.0
8470594,2024,Marc-Andre Fleury,MIN,G,5on4,8,1954.0,0.72,1.0,8.0,0.29,0.0,0.9,0.0,5.26,6.0,0.94,0.0,1.48,2.0,3.41,4.0,0.72,4.0,1.0,2.0,0.13,0.1,0.49,0.0,1.0,0.0,1.0,0.0,0.0
8478916,2024,Joey Daccord,SEA,G,other,20,2099.0,6.21,6.0,75.0,3.45,5.0,7.55,10.0,39.75,41.0,0.56,1.0,25.09,23.0,10.25,10.0,5.18,32.0,11.0,11.0,1.35,1.34,3.53,1.0,2.0,3.0,21.0,0.0,0.0
8478916,2024,Joey Daccord,SEA,G,all,20,71451.0,57.21,48.0,1266.0,44.72,76.0,160.09,157.0,647.88,571.0,19.81,1.0,355.67,312.0,251.01,296.0,54.14,687.0,131.0,73.0,19.93,16.04,21.24,15.0,20.0,13.0,375.0,0.0,0.0
8478916,2024,Joey Daccord,SEA,G,5on5,20,58498.0,41.77,34.0,987.0,31.49,60.0,126.82,124.0,494.16,432.0,15.91,0.0,264.7,234.0,199.33,227.0,40.06,528.0,104.0,49.0,15.01,12.89,13.86,12.0,16.0,6.0,306.0,0.0,0.0
8478916,2024,Joey Daccord,SEA,G,4on5,20,4697.0,7.84,7.0,179.0,8.92,11.0,23.49,19.0,98.42,82.0,0.5,0.0,60.59,54.0,30.65,44.0,7.51,112.0,12.0,11.0,3.14,1.36,3.34,2.0,2.0,3.0,44.0,0.0,0.0
8478916,2024,Joey Daccord,SEA,G,5on4,20,6157.0,1.25,1.0,22.0,0.75,0.0,1.8,3.0,13.31,13.0,2.72,0.0,4.29,1.0,9.51,13.0,1.25,12.0,4.0,2.0,0.29,0.45,0.51,0.0,0.0,1.0,4.0,0.0,0.0
8481692,2024,Dustin Wolf,CGY,G,other,14,1763.0,5.05,6.0,55.0,2.32,5.0,5.56,4.0,30.18,31.0,0.61,0.0,16.09,14.0,9.88,11.0,4.71,20.0,11.0,9.0,0.62,1.43,2.99,2.0,2.0,2.0,15.0,0.0,0.0
8481692,2024,Dustin Wolf,CGY,G,all,14,50768.0,41.72,40.0,883.0,29.59,41.0,113.29,112.0,457.23,440.0,15.07,0.0,240.86,204.0,179.26,219.0,40.18,454.0,123.0,43.0,12.84,15.71,13.18,11.0,20.0,9.0,263.0,2.0,1.0
8481692,2024,Dustin Wolf,CGY,G,5on5,14,41314.0,27.1,22.0,695.0,21.27,29.0,92.94,90.0,355.99,341.0,11.98,0.0,188.12,159.0,144.81,183.0,26.53,382.0,81.0,23.0,10.69,10.34,6.08,9.0,10.0,3.0,209.0,0.0,0.0
8481692,2024,Dustin Wolf,CGY,G,4on5,14,3784.0,8.26,8.0,113.0,5.35,7.0,12.93,16.0,58.39,52.0,0.35,0.0,32.69,26.0,16.73,20.0,7.67,42.0,26.0,10.0,1.17,3.25,3.84,0.0,4.0,4.0,35.0,0.0,0.0
8481692,2024,Dustin Wolf,CGY,G,5on4,14,3907.0,1.23,4.0,16.0,0.58,0.0,1.49,2.0,11.17,14.0,2.11,0.0,3.28,4.0,7.09,4.0,1.19,8.0,5.0,1.0,0.28,0.68,0.27,0.0,4.0,0.0,2.0,2.0,1.0
8482821,2024,Arvid Soderblom,CHI,G,other,10,297.0,1.52,3.0,15.0,0.82,2.0,1.7,0.0,8.71,8.0,0.08,0.0,5.58,5.0,2.03,2.0,1.45,6.0,3.0,3.0,0.33,0.38,0.81,1.0,0.0,2.0,3.0,0.0,0.0
8482821,2024,Arvid Soderblom,CHI,G,all,10,34204.0,26.64,26.0,608.0,21.06,22.0,75.18,57.0,311.56,283.0,8.76,0.0,173.02,149.0,122.64,174.0,25.44,325.0,73.0,31.0,8.98,9.17,8.49,13.0,8.0,5.0,179.0,0.0,0.0
8482821,2024,Arvid Soderblom,CHI,G,5on5,10,29112.0,19.69,21.0,503.0,15.97,18.0,63.7,47.0,254.16,235.0,7.55,0.0,138.75,117.0,103.42,146.0,18.88,276.0,55.0,19.0,7.38,7.08,5.22,12.0,7.0,2.0,153.0,0.0,0.0
8482821,2024,Arvid Soderblom,CHI,G,4on5,10,3014.0,5.04,1.0,83.0,4.04,2.0,9.14,10.0,44.38,36.0,0.08,0.0,27.14,24.0,14.19,24.0,4.72,38.0,15.0,8.0,1.17,1.71,2.15,0.0,1.0,0.0,22.0,0.0,0.0
8482821,2024,Arvid Soderblom,CHI,G,5on4,10,1781.0,0.4,1.0,7.0,0.24,0.0,0.64,0.0,4.32,4.0,1.04,0.0,1.55,3.0,3.01,2.0,0.39,5.0,0.0,1.0,0.09,0.0,0.31,0.0,0.0,1.0,1.0,0.0,0.0
8480051,2024,Cayden Primeau,MTL,G,other,11,1194.0,2.56,3.0,36.0,1.21,0.0,2.61,4.0,15.42,16.0,0.48,0.0,9.3,8.0,4.84,5.0,2.5,10.0,9.0,2.0,0.44,1.22,0.91,0.0,2.0,1.0,15.0,0.0,0.0
8480051,2024,Cayden Primeau,MTL,G,all,11,31422.0,31.53,41.0,557.0,20.38,34.0,68.03,58.0,289.38,250.0,7.86,0.0,155.32,119.0,107.13,139.0,29.99,267.0,88.0,37.0,9.05,10.95,11.54,22.0,14.0,5.0,165.0,2.0,1.0
8480051,2024,Cayden Primeau,MTL,G,5on5,11,24401.0,20.96,33.0,419.0,14.67,27.0,53.44,41.0,218.89,187.0,6.18,0.0,116.74,84.0,83.9,112.0,20.24,216.0,57.0,24.0,7.04,7.24,6.67,18.0,11.0,4.0,122.0,2.0,1.0
8480051,2024,Cayden Primeau,MTL,G,4on5,11,3160.0,6.9,4.0,92.0,4.0,6.0,10.94,13.0,47.72,39.0,0.26,0.0,26.81,23.0,13.77,18.0,6.14,35.0,20.0,9.0,1.37,2.3,3.23,3.0,1.0,0.0,28.0,0.0,0.0
8480051,2024,Cayden Primeau,MTL,G,5on4,11,2667.0,1.12,1.0,10.0,0.49,1.0,1.04,0.0,7.35,8.0,0.94,0.0,2.46,4.0,4.62,4.0,1.11,6.0,2.0,2.0,0.2,0.18,0.73,1.0,0.0,0.0,0.0,0.0,0.0
8476883,2024,Andrei Vasilevskiy,TBL,G,other,23,1496.0,4.14,2.0,47.0,1.87,2.0,4.47,3.0,23.79,17.0,0.36,0.0,12.98,13.0,6.75,11.0,3.56,19.0,3.0,9.0,0.77,0.46,2.91,0.0,1.0,1.0,16.0,0.0,0.0
8476883,2024,Andrei Vasilevskiy,TBL,G,all,23,80599.0,57.48,54.0,1205.0,42.29,54.0,149.38,124.0,614.97,589.0,21.41,0.0,330.28,244.0,240.19,361.0,54.21,620.0,157.0,63.0,17.03,19.13,21.32,21.0,22.0,11.0,365.0,4.0,2.0
8476883,2024,Andrei Vasilevskiy,TBL,G,5on5,23,66729.0,40.75,40.0,969.0,31.58,44.0,125.26,104.0,491.56,481.0,17.25,0.0,262.37,192.0,196.72,291.0,38.99,503.0,133.0,37.0,13.95,15.95,10.85,19.0,19.0,2.0,296.0,2.0,1.0
8476883,2024,Andrei Vasilevskiy,TBL,G,4on5,23,6215.0,11.25,10.0,161.0,7.87,8.0,17.24,16.0,83.2,74.0,0.58,0.0,48.97,37.0,25.9,42.0,10.33,82.0,15.0,17.0,1.82,1.86,7.57,1.0,1.0,8.0,47.0,0.0,0.0
8476883,2024,Andrei Vasilevskiy,TBL,G,5on4,23,6159.0,0.97,2.0,21.0,0.71,0.0,1.82,1.0,12.63,14.0,3.04,0.0,4.19,0.0,8.93,14.0,0.97,13.0,4.0,0.0,0.32,0.66,0.0,1.0,1.0,0.0,4.0,2.0,1.0
8482137,2024,Yaroslav Askarov,SJS,G,other,2,110.0,0.1,0.0,3.0,0.07,0.0,0.28,0.0,1.43,1.0,0.13,0.0,0.63,1.0,0.89,1.0,0.1,2.0,0.0,0.0,0.1,0.0,0.0,0.0,0.0,0.0,1.0,0.0,0.0
8482137,2024,Yaroslav Askarov,SJS,G,all,2,7341.0,5.11,4.0,114.0,3.65,7.0,14.87,12.0,58.65,55.0,1.69,0.0,31.05,27.0,23.4,30.0,4.69,66.0,8.0,6.0,2.1,1.06,1.95,1.0,1.0,2.0,34.0,0.0,0.0
8482137,2024,Yaroslav Askarov,SJS,G,5on5,2,6368.0,4.58,4.0,102.0,3.2,7.0,13.89,12.0,52.73,52.0,1.33,0.0,28.15,25.0,20.44,24.0,4.16,61.0,5.0,6.0,1.96,0.67,1.95,1.0,1.0,2.0,30.0,0.0,0.0
8482137,2024,Yaroslav Askarov,SJS,G,4on5,2,360.0,0.28,0.0,6.0,0.32,0.0,0.52,0.0,2.99,0.0,0.06,0.0,1.8,1.0,0.99,3.0,0.28,2.0,2.0,0.0,0.03,0.25,0.0,0.0,0.0,0.0,2.0,0.0,0.0
8482137,2024,Yaroslav Askarov,SJS,G,5on4,2,503.0,0.16,0.0,3.0,0.07,0.0,0.18,0.0,1.5,2.0,0.18,0.0,0.47,0.0,1.08,2.0,0.16,1.0,1.0,0.0,0.01,0.15,0.0,0.0,0.0,0.0,1.0,0.0,0.0
8482982,2024,Jet Greaves,CBJ,G,other,1,102.0,0.1,1.0,2.0,0.11,0.0,0.26,0.0,1.46,2.0,0.19,0.0,0.66,1.0,0.84,0.0,0.1,2.0,0.0,0.0,0.1,0.0,0.0,1.0,0.0,0.0,0.0,0.0,0.0
8482982,2024,Jet Greaves,CBJ,G,all,1,3743.0,3.77,2.0,73.0,2.64,9.0,10.27,13.0,40.41,37.0,1.21,0.0,22.44,16.0,16.4,17.0,3.36,45.0,7.0,5.0,1.4,0.8,1.57,1.0,1.0,0.0,16.0,0.0,0.0
8482982,2024,Jet Greaves,CBJ,G,5on5,1,3210.0,3.28,1.0,65.0,2.33,8.0,9.48,12.0,35.94,33.0,0.69,0.0,20.3,15.0,14.24,15.0,2.89,40.0,7.0,4.0,1.21,0.8,1.27,0.0,1.0,0.0,14.0,0.0,0.0
8482982,2024,Jet Greaves,CBJ,G,4on5,1,73.0,0.02,0.0,4.0,0.1,0.0,0.28,1.0,1.46,1.0,0.0,0.0,1.04,0.0,0.51,1.0,0.02,2.0,0.0,0.0,0.02,0.0,0.0,0.0,0.0,0.0,2.0,0.0,0.0
8482982,2024,Jet Greaves,CBJ,G,5on4,1,358.0,0.37,0.0,2.0,0.1,1.0,0.24,0.0,1.55,1.0,0.33,0.0,0.43,0.0,0.8,1.0,0.35,1.0,0.0,1.0,0.07,0.0,0.3,0.0,0.0,0.0,0.0,0.0,0.0
8478499,2024,Adin Hill,VGK,G,other,19,1462.0,6.34,2.0,68.0,3.13,4.0,7.27,8.0,39.95,33.0,0.27,0.0,24.58,23.0,10.36,15.0,5.72,28.0,18.0,7.0,1.35,2.37,2.62,0.0,1.0,1.0,15.0,0.0,0.0
8478499,2024,Adin Hill,VGK,G,all,19,66670.0,55.21,48.0,1144.0,38.36,67.0,143.19,92.0,578.78,504.0,17.21,1.0,315.7,298.0,225.52,291.0,52.54,576.0,162.0,60.0,17.18,19.83,18.2,16.0,19.0,13.0,346.0,0.0,0.0
8478499,2024,Adin Hill,VGK,G,5on5,19,57329.0,42.12,38.0,949.0,29.89,56.0,122.64,79.0,476.43,414.0,14.48,1.0,257.12,238.0,190.65,247.0,40.42,490.0,123.0,46.0,14.0,15.2,12.93,14.0,15.0,9.0,290.0,0.0,0.0
8478499,2024,Adin Hill,VGK,G,4on5,19,3396.0,5.71,7.0,108.0,4.87,5.0,11.33,4.0,50.6,46.0,0.25,0.0,30.52,34.0,16.81,21.0,5.37,48.0,17.0,6.0,1.56,1.75,2.4,2.0,2.0,3.0,37.0,0.0,0.0
8478499,2024,Adin Hill,VGK,G,5on4,19,4483.0,0.98,1.0,17.0,0.43,2.0,1.83,1.0,11.05,10.0,2.12,0.0,3.14,2.0,7.28,8.0,0.97,9.0,4.0,1.0,0.23,0.51,0.25,0.0,1.0,0.0,3.0,0.0,0.0
8478024,2024,Ville Husso,DET,G,other,7,578.0,0.25,2.0,11.0,0.31,0.0,1.57,1.0,5.99,6.0,0.24,0.0,3.1,2.0,2.59,3.0,0.25,8.0,0.0,0.0,0.25,0.0,0.0,2.0,0.0,0.0,3.0,0.0,0.0
8478024,2024,Ville Husso,DET,G,all,7,19234.0,12.44,20.0,318.0,10.49,12.0,42.46,28.0,166.84,154.0,5.28,1.0,91.9,81.0,68.24,89.0,12.12,185.0,35.0,11.0,4.94,4.15,3.35,11.0,3.0,6.0,87.0,0.0,0.0
8478024,2024,Ville Husso,DET,G,5on5,7,16037.0,9.81,14.0,274.0,8.96,11.0,38.12,27.0,146.56,133.0,4.16,1.0,81.7,73.0,60.54,78.0,9.55,165.0,32.0,7.0,4.21,3.8,1.81,8.0,3.0,3.0,70.0,0.0,0.0
8478024,2024,Ville Husso,DET,G,4on5,7,1158.0,1.94,3.0,27.0,1.02,1.0,2.2,0.0,10.42,10.0,0.07,0.0,5.7,6.0,2.82,4.0,1.87,9.0,2.0,3.0,0.34,0.26,1.34,0.0,0.0,3.0,13.0,0.0,0.0
8478024,2024,Ville Husso,DET,G,5on4,7,1461.0,0.09,0.0,3.0,0.08,0.0,0.18,0.0,1.38,2.0,0.79,0.0,0.54,0.0,1.08,2.0,0.09,2.0,0.0,0.0,0.09,0.0,0.0,0.0,0.0,0.0,1.0,0.0,0.0
8476341,2024,Anton Forsberg,OTT,G,other,11,1361.0,2.43,3.0,24.0,0.91,0.0,2.31,3.0,12.68,15.0,0.43,0.0,7.7,6.0,3.27,5.0,2.4,10.0,4.0,3.0,0.42,0.65,1.36,1.0,2.0,0.0,7.0,0.0,0.0
8476341,2024,Anton Forsberg,OTT,G,all,11,36648.0,28.08,30.0,585.0,19.01,24.0,71.41,49.0,298.75,271.0,9.65,0.0,162.23,115.0,116.64,189.0,27.18,313.0,58.0,36.0,8.85,7.46,11.78,9.0,10.0,11.0,178.0,0.0,0.0
8476341,2024,Anton Forsberg,OTT,G,5on5,11,29845.0,17.89,19.0,469.0,13.73,18.0,58.69,39.0,232.7,208.0,7.9,0.0,125.57,85.0,95.54,158.0,17.53,254.0,44.0,21.0,7.12,5.64,5.12,7.0,7.0,5.0,150.0,0.0,0.0
8476341,2024,Anton Forsberg,OTT,G,4on5,11,2696.0,7.4,7.0,82.0,4.1,6.0,9.73,6.0,47.89,41.0,0.29,0.0,27.23,24.0,14.0,21.0,6.89,43.0,9.0,12.0,1.07,1.04,5.3,0.0,1.0,6.0,18.0,0.0,0.0
8476341,2024,Anton Forsberg,OTT,G,5on4,11,2746.0,0.36,1.0,10.0,0.27,0.0,0.68,1.0,5.48,7.0,1.03,0.0,1.72,0.0,3.83,5.0,0.35,6.0,1.0,0.0,0.23,0.13,0.0,1.0,0.0,0.0,3.0,0.0,0.0
8481668,2024,Arturs Silovs,VAN,G,other,7,490.0,0.41,1.0,6.0,0.25,0.0,0.79,0.0,3.92,4.0,0.19,0.0,1.82,1.0,1.63,3.0,0.41,4.0,0.0,1.0,0.17,0.0,0.24,0.0,0.0,1.0,1.0,0.0,0.0
8481668,2024,Arturs Silovs,VAN,G,all,7,21900.0,16.0,25.0,330.0,11.98,17.0,44.52,30.0,180.2,164.0,5.46,0.0,98.39,86.0,70.19,89.0,15.25,194.0,33.0,20.0,5.48,4.16,6.36,13.0,5.0,7.0,83.0,0.0,0.0
8481668,2024,Arturs Silovs,VAN,G,5on5,7,17850.0,12.66,19.0,278.0,9.73,15.0,38.62,27.0,151.71,135.0,4.4,0.0,82.12,74.0,58.95,72.0,11.96,163.0,28.0,16.0,4.5,3.61,4.54,13.0,3.0,3.0,71.0,0.0,0.0
8481668,2024,Arturs Silovs,VAN,G,4on5,7,1801.0,2.5,3.0,41.0,1.79,2.0,4.66,3.0,20.85,20.0,0.18,0.0,13.27,10.0,7.02,12.0,2.45,24.0,3.0,3.0,0.65,0.28,1.57,0.0,0.0,3.0,11.0,0.0,0.0
8481668,2024,Arturs Silovs,VAN,G,5on4,7,1759.0,0.43,2.0,5.0,0.21,0.0,0.46,0.0,3.72,5.0,0.69,0.0,1.19,1.0,2.6,2.0,0.43,3.0,2.0,0.0,0.17,0.27,0.0,0.0,2.0,0.0,0.0,0.0,0.0
8480981,2024,Joel Hofer,STL,G,other,9,1002.0,1.9,2.0,24.0,0.89,2.0,2.78,2.0,13.38,17.0,0.38,0.0,7.23,6.0,4.78,6.0,1.87,9.0,7.0,2.0,0.24,0.77,0.88,0.0,2.0,0.0,6.0,0.0,0.0
8480981,2024,Joel Hofer,STL,G,all,9,30723.0,21.8,25.0,515.0,17.79,24.0,64.55,64.0,266.56,255.0,7.73,0.0,151.34,122.0,108.54,138.0,20.92,286.0,73.0,14.0,8.46,8.64,4.69,7.0,15.0,3.0,142.0,0.0,0.0
8480981,2024,Joel Hofer,STL,G,5on5,9,25579.0,15.43,16.0,415.0,13.04,17.0,52.54,56.0,209.64,198.0,6.14,0.0,117.4,91.0,86.5,112.0,15.01,234.0,49.0,9.0,6.73,5.9,2.8,4.0,10.0,2.0,123.0,0.0,0.0
8480981,2024,Joel Hofer,STL,G,4on5,9,1960.0,4.18,6.0,65.0,3.58,5.0,8.2,6.0,37.19,34.0,0.16,0.0,24.45,23.0,12.33,14.0,3.75,35.0,16.0,3.0,1.28,1.88,1.02,2.0,3.0,1.0,11.0,0.0,0.0
8480981,2024,Joel Hofer,STL,G,5on4,9,2182.0,0.29,1.0,11.0,0.27,0.0,1.03,0.0,6.36,6.0,1.02,0.0,2.26,2.0,4.92,6.0,0.29,8.0,1.0,0.0,0.21,0.08,0.0,1.0,0.0,0.0,2.0,0.0,0.0
8475883,2024,Frederik Andersen,CAR,G,other,4,227.0,0.78,0.0,8.0,0.43,0.0,0.97,0.0,5.52,7.0,0.24,0.0,2.61,2.0,2.04,5.0,0.78,3.0,3.0,1.0,0.09,0.48,0.2,0.0,0.0,0.0,1.0,0.0,0.0
8475883,2024,Frederik Andersen,CAR,G,all,4,14546.0,13.14,6.0,185.0,7.69,15.0,23.27,9.0,103.02,101.0,5.55,2.0,52.91,49.0,37.55,59.0,11.89,87.0,34.0,17.0,2.71,4.28,6.15,2.0,0.0,4.0,47.0,0.0,0.0
8475883,2024,Frederik Andersen,CAR,G,5on5,4,11185.0,5.9,3.0,121.0,4.31,5.0,15.41,7.0,64.33,64.0,4.27,2.0,33.16,28.0,25.12,43.0,5.74,61.0,19.0,6.0,1.86,2.37,1.67,2.0,0.0,1.0,35.0,0.0,0.0
8475883,2024,Frederik Andersen,CAR,G,4on5,4,1685.0,6.21,3.0,51.0,2.79,10.0,6.28,2.0,30.11,27.0,0.13,0.0,16.13,18.0,8.48,8.0,5.12,21.0,10.0,10.0,0.71,1.22,4.28,0.0,0.0,3.0,10.0,0.0,0.0
8475883,2024,Frederik Andersen,CAR,G,5on4,4,1449.0,0.25,0.0,5.0,0.15,0.0,0.6,0.0,3.06,3.0,0.92,0.0,1.01,1.0,1.9,3.0,0.25,2.0,2.0,0.0,0.05,0.2,0.0,0.0,0.0,0.0,1.0,0.0,0.0
8476914,2024,Joonas Korpisalo,BOS,G,other,11,1141.0,2.43,1.0,37.0,1.38,2.0,3.92,4.0,18.7,16.0,0.71,0.0,10.13,9.0,7.48,10.0,2.35,17.0,6.0,3.0,0.62,0.76,1.05,1.0,0.0,0.0,11.0,0.0,0.0
8476914,2024,Joonas Korpisalo,BOS,G,all,11,38047.0,28.55,27.0,597.0,20.98,31.0,76.88,70.0,310.59,272.0,10.98,0.0,168.39,124.0,122.6,174.0,27.74,318.0,82.0,28.0,8.56,10.79,9.19,14.0,8.0,5.0,169.0,0.0,0.0
8476914,2024,Joonas Korpisalo,BOS,G,5on5,11,31210.0,20.58,20.0,482.0,15.89,24.0,64.83,59.0,250.76,220.0,7.9,0.0,135.76,102.0,100.38,139.0,19.91,265.0,64.0,17.0,7.1,8.38,5.1,10.0,6.0,4.0,136.0,0.0,0.0
8476914,2024,Joonas Korpisalo,BOS,G,4on5,11,2901.0,5.16,5.0,72.0,3.5,5.0,7.47,7.0,36.45,30.0,0.42,0.0,21.14,12.0,11.49,21.0,5.09,31.0,12.0,7.0,0.69,1.66,2.81,2.0,2.0,1.0,22.0,0.0,0.0
8476914,2024,Joonas Korpisalo,BOS,G,5on4,11,2795.0,0.39,1.0,6.0,0.2,0.0,0.65,0.0,4.68,6.0,1.96,0.0,1.36,1.0,3.25,4.0,0.39,5.0,0.0,1.0,0.15,0.0,0.24,1.0,0.0,0.0,0.0,0.0,0.0
8478039,2024,Kaapo Kahkonen,COL,G,other,1,129.0,0.0,0.0,1.0,0.0,0.0,0.0,0.0,0.0,0.0,0.03,0.0,0.0,0.0,0.0,0.0,0.0,0.0,0.0,0.0,0.0,0.0,0.0,0.0,0.0,0.0,1.0,0.0,0.0
8478039,2024,Kaapo Kahkonen,COL,G,all,1,3496.0,1.86,4.0,45.0,1.51,5.0,6.2,2.0,24.1,20.0,1.22,0.0,12.76,6.0,9.81,16.0,1.79,26.0,5.0,2.0,0.73,0.59,0.53,2.0,1.0,1.0,12.0,0.0,0.0
8478039,2024,Kaapo Kahkonen,COL,G,5on5,1,2559.0,1.61,4.0,34.0,1.16,4.0,4.97,2.0,19.52,17.0,0.89,0.0,10.47,5.0,8.1,12.0,1.55,22.0,3.0,2.0,0.7,0.38,0.53,2.0,1.0,1.0,7.0,0.0,0.0
8478039,2024,Kaapo Kahkonen,COL,G,4on5,1,411.0,0.04,0.0,8.0,0.21,0.0,0.91,0.0,2.91,2.0,0.01,0.0,1.79,1.0,0.95,3.0,0.04,4.0,0.0,0.0,0.04,0.0,0.0,0.0,0.0,0.0,4.0,0.0,0.0
8478039,2024,Kaapo Kahkonen,COL,G,5on4,1,397.0,0.21,0.0,2.0,0.14,1.0,0.31,0.0,1.67,1.0,0.28,0.0,0.5,0.0,0.76,1.0,0.2,0.0,2.0,0.0,0.0,0.21,0.0,0.0,0.0,0.0,0.0,0.0,0.0
8479312,2024,Alex Lyon,DET,G,other,9,1227.0,2.27,0.0,26.0,1.24,4.0,3.24,3.0,14.83,16.0,0.27,0.0,9.08,8.0,3.55,5.0,1.84,10.0,8.0,2.0,0.45,1.0,0.82,0.0,0.0,0.0,6.0,0.0,0.0
8479312,2024,Alex Lyon,DET,G,all,9,30166.0,24.51,23.0,508.0,18.96,22.0,66.79,62.0,275.32,257.0,7.58,1.0,156.39,123.0,108.97,154.0,22.85,276.0,87.0,22.0,7.74,10.27,6.5,10.0,11.0,2.0,123.0,2.0,1.0
8479312,2024,Alex Lyon,DET,G,5on5,9,24476.0,15.71,17.0,396.0,13.46,10.0,52.88,52.0,209.52,196.0,6.29,1.0,118.72,90.0,87.27,126.0,15.02,231.0,50.0,14.0,5.96,5.96,3.79,9.0,7.0,1.0,101.0,2.0,1.0
8479312,2024,Alex Lyon,DET,G,4on5,9,2224.0,6.15,6.0,77.0,4.02,8.0,9.86,6.0,44.91,42.0,0.07,0.0,26.73,24.0,13.63,17.0,5.6,29.0,27.0,6.0,1.16,3.11,1.89,1.0,4.0,1.0,15.0,0.0,0.0
8479312,2024,Alex Lyon,DET,G,5on4,9,2239.0,0.38,0.0,9.0,0.24,0.0,0.81,1.0,6.06,3.0,0.95,0.0,1.86,1.0,4.52,6.0,0.38,6.0,2.0,0.0,0.18,0.21,0.0,0.0,0.0,0.0,1.0,0.0,0.0
8479406,2024,Filip Gustavsson,MIN,G,other,22,1787.0,6.57,4.0,83.0,3.45,6.0,9.0,8.0,46.58,40.0,0.71,0.0,25.8,14.0,15.59,30.0,6.01,34.0,19.0,9.0,1.5,2.46,2.61,2.0,1.0,1.0,21.0,0.0,0.0
8479406,2024,Filip Gustavsson,MIN,G,all,22,78658.0,59.71,49.0,1352.0,45.93,59.0,168.29,134.0,691.99,630.0,22.08,2.0,384.55,273.0,275.2,440.0,57.1,741.0,151.0,66.0,20.76,18.01,20.94,16.0,11.0,22.0,394.0,0.0,0.0
8479406,2024,Filip Gustavsson,MIN,G,5on5,22,66017.0,37.91,27.0,1061.0,33.09,39.0,133.55,108.0,523.05,467.0,17.81,1.0,291.6,207.0,214.31,346.0,36.45,588.0,104.0,37.0,15.88,12.15,9.87,12.0,5.0,10.0,332.0,0.0,0.0
8479406,2024,Filip Gustavsson,MIN,G,4on5,22,5179.0,13.95,16.0,181.0,8.48,14.0,22.91,15.0,103.51,102.0,0.38,0.0,60.55,49.0,31.49,46.0,13.4,98.0,24.0,19.0,2.83,2.87,8.26,1.0,4.0,11.0,40.0,0.0,0.0
8479406,2024,Filip Gustavsson,MIN,G,5on4,22,5675.0,1.22,1.0,25.0,0.85,0.0,2.48,3.0,17.41,19.0,3.16,1.0,5.9,3.0,12.99,17.0,1.19,19.0,4.0,1.0,0.49,0.53,0.2,0.0,1.0,0.0,1.0,0.0,0.0
8477465,2024,Tristan Jarry,PIT,G,other,12,978.0,3.71,1.0,37.0,1.42,3.0,3.32,3.0,18.07,14.0,0.21,0.0,11.13,10.0,4.78,8.0,2.74,15.0,4.0,6.0,0.57,0.53,2.61,0.0,0.0,1.0,12.0,0.0,0.0
8477465,2024,Tristan Jarry,PIT,G,all,12,40410.0,34.77,41.0,696.0,25.03,40.0,85.64,62.0,360.1,353.0,11.86,0.0,198.19,159.0,145.08,197.0,32.57,378.0,82.0,41.0,10.77,10.37,13.64,15.0,15.0,11.0,195.0,2.0,1.0
8477465,2024,Tristan Jarry,PIT,G,5on5,12,33121.0,26.47,33.0,564.0,19.43,33.0,71.34,51.0,289.91,278.0,9.87,0.0,156.39,124.0,117.5,158.0,25.33,298.0,71.0,32.0,8.55,8.97,8.95,13.0,13.0,7.0,163.0,2.0,1.0
8477465,2024,Tristan Jarry,PIT,G,4on5,12,2941.0,3.88,5.0,75.0,3.56,3.0,8.97,7.0,40.21,45.0,0.19,0.0,26.24,24.0,14.0,19.0,3.8,50.0,5.0,3.0,1.21,0.58,2.08,1.0,1.0,3.0,17.0,0.0,0.0
8477465,2024,Tristan Jarry,PIT,G,5on4,12,3370.0,0.63,1.0,16.0,0.52,1.0,1.73,1.0,10.96,15.0,1.56,0.0,3.7,1.0,8.06,11.0,0.62,13.0,2.0,0.0,0.35,0.28,0.0,0.0,1.0,0.0,1.0,0.0,0.0
8479193,2024,Casey DeSmith,DAL,G,other,8,1086.0,0.97,1.0,16.0,0.59,0.0,1.6,2.0,8.0,6.0,0.2,0.0,5.14,5.0,2.43,3.0,0.92,8.0,2.0,1.0,0.4,0.23,0.33,0.0,0.0,1.0,5.0,0.0,0.0
8479193,2024,Casey DeSmith,DAL,G,all,8,26656.0,21.72,19.0,387.0,14.23,19.0,50.39,28.0,212.78,200.0,8.14,1.0,113.08,88.0,81.77,133.0,20.94,206.0,57.0,25.0,6.09,7.16,8.47,9.0,7.0,3.0,99.0,2.0,1.0
8479193,2024,Casey DeSmith,DAL,G,5on5,8,21041.0,14.64,14.0,312.0,10.64,14.0,42.17,23.0,170.71,159.0,6.09,0.0,91.35,68.0,67.79,112.0,14.4,176.0,41.0,15.0,4.95,5.19,4.5,8.0,5.0,1.0,80.0,0.0,0.0
8479193,2024,Casey DeSmith,DAL,G,4on5,8,2123.0,5.58,4.0,51.0,2.58,4.0,5.57,3.0,28.73,27.0,0.32,0.0,14.46,14.0,7.95,12.0,5.11,17.0,11.0,9.0,0.65,1.28,3.64,1.0,2.0,1.0,14.0,0.0,0.0
8479193,2024,Casey DeSmith,DAL,G,5on4,8,2406.0,0.54,0.0,8.0,0.41,1.0,1.05,0.0,5.34,8.0,1.53,1.0,2.13,1.0,3.61,6.0,0.51,5.0,3.0,0.0,0.08,0.46,0.0,0.0,0.0,0.0,0.0,2.0,1.0
8477405,2024,Marcus Hogberg,NYI,G,other,1,0.0,0.0,0.0,0.0,0.0,0.0,0.0,0.0,0.0,0.0,0.0,0.0,0.0,0.0,0.0,0.0,0.0,0.0,0.0,0.0,0.0,0.0,0.0,0.0,0.0,0.0,0.0,0.0,0.0
8477405,2024,Marcus Hogberg,NYI,G,all,1,984.0,0.86,0.0,17.0,0.63,3.0,2.52,2.0,10.87,11.0,0.29,0.0,5.28,3.0,4.36,6.0,0.84,12.0,1.0,1.0,0.41,0.11,0.34,0.0,0.0,0.0,3.0,0.0,0.0
8477405,2024,Marcus Hogberg,NYI,G,5on5,1,920.0,0.86,0.0,17.0,0.63,3.0,2.52,2.0,10.87,11.0,0.29,0.0,5.28,3.0,4.36,6.0,0.84,12.0,1.0,1.0,0.41,0.11,0.34,0.0,0.0,0.0,3.0,0.0,0.0
8477405,2024,Marcus Hogberg,NYI,G,4on5,1,0.0,0.0,0.0,0.0,0.0,0.0,0.0,0.0,0.0,0.0,0.0,0.0,0.0,0.0,0.0,0.0,0.0,0.0,0.0,0.0,0.0,0.0,0.0,0.0,0.0,0.0,0.0,0.0,0.0
8477405,2024,Marcus Hogberg,NYI,G,5on4,1,64.0,0.0,0.0,0.0,0.0,0.0,0.0,0.0,0.0,0.0,0.0,0.0,0.0,0.0,0.0,0.0,0.0,0.0,0.0,0.0,0.0,0.0,0.0,0.0,0.0,0.0,0.0,0.0,0.0
8475809,2024,Scott Wedgewood,COL,G,other,10,1343.0,2.4,2.0,31.0,1.49,2.0,3.6,4.0,18.55,17.0,0.41,0.0,10.22,10.0,6.64,7.0,2.27,13.0,9.0,3.0,0.58,1.05,0.76,2.0,0.0,0.0,6.0,0.0,0.0
8475809,2024,Scott Wedgewood,COL,G,all,10,32487.0,25.18,25.0,524.0,19.15,28.0,67.53,60.0,280.01,261.0,8.51,1.0,153.96,118.0,108.8,153.0,24.23,281.0,78.0,25.0,8.59,9.22,7.36,16.0,7.0,2.0,140.0,0.0,0.0
8475809,2024,Scott Wedgewood,COL,G,5on5,10,25467.0,17.04,17.0,416.0,14.07,24.0,55.36,53.0,218.97,207.0,6.53,1.0,120.43,87.0,87.75,121.0,16.36,237.0,51.0,14.0,6.69,6.19,4.16,12.0,5.0,0.0,114.0,0.0,0.0
8475809,2024,Scott Wedgewood,COL,G,4on5,10,2907.0,4.99,6.0,68.0,3.23,1.0,7.52,3.0,36.38,30.0,0.14,0.0,21.39,19.0,10.7,20.0,4.87,26.0,17.0,6.0,1.11,1.86,2.02,2.0,2.0,2.0,19.0,0.0,0.0
8475809,2024,Scott Wedgewood,COL,G,5on4,10,2770.0,0.75,0.0,9.0,0.37,1.0,1.04,0.0,6.11,7.0,1.43,0.0,1.92,2.0,3.7,5.0,0.74,5.0,1.0,2.0,0.21,0.12,0.43,0.0,0.0,0.0,1.0,0.0,0.0
8480382,2024,Alexandar Georgiev,SJS,G,other,19,1823.0,6.02,2.0,68.0,3.0,10.0,8.76,6.0,37.52,34.0,0.66,0.0,19.06,20.0,10.73,10.0,5.03,23.0,17.0,9.0,0.87,2.03,3.13,1.0,0.0,1.0,19.0,0.0,0.0
8480382,2024,Alexandar Georgiev,SJS,G,all,19,60053.0,45.73,56.0,918.0,32.43,53.0,113.08,112.0,464.56,443.0,17.36,3.0,247.12,173.0,175.79,235.0,43.42,445.0,134.0,51.0,12.61,17.26,15.88,18.0,24.0,14.0,288.0,0.0,0.0
8480382,2024,Alexandar Georgiev,SJS,G,5on5,19,50100.0,31.56,43.0,726.0,23.3,30.0,88.35,93.0,353.9,338.0,14.44,2.0,189.57,123.0,139.35,195.0,30.71,353.0,100.0,31.0,9.85,12.96,8.75,14.0,20.0,9.0,242.0,0.0,0.0
8480382,2024,Alexandar Georgiev,SJS,G,4on5,19,3895.0,7.16,9.0,110.0,5.69,12.0,14.47,11.0,64.05,61.0,0.25,0.0,35.75,30.0,19.66,23.0,6.71,62.0,13.0,10.0,1.71,1.81,3.63,3.0,3.0,3.0,25.0,0.0,0.0
8480382,2024,Alexandar Georgiev,SJS,G,5on4,19,4235.0,0.99,2.0,14.0,0.44,1.0,1.49,2.0,9.08,10.0,1.85,1.0,2.75,0.0,6.04,7.0,0.96,7.0,4.0,1.0,0.18,0.45,0.37,0.0,1.0,1.0,2.0,0.0,0.0
8475831,2024,Philipp Grubauer,SEA,G,other,11,989.0,1.42,0.0,22.0,0.85,0.0,2.42,3.0,11.93,8.0,0.08,0.0,7.93,5.0,3.96,9.0,1.41,11.0,4.0,2.0,0.36,0.44,0.61,0.0,0.0,0.0,5.0,0.0,0.0
8475831,2024,Philipp Grubauer,SEA,G,all,11,38542.0,32.46,37.0,698.0,24.33,25.0,86.13,76.0,355.24,310.0,10.45,0.0,200.28,161.0,137.72,194.0,31.02,375.0,78.0,40.0,10.74,10.04,11.68,20.0,10.0,7.0,205.0,0.0,0.0
8475831,2024,Philipp Grubauer,SEA,G,5on5,11,32128.0,22.65,30.0,559.0,17.81,19.0,71.13,59.0,281.34,249.0,9.1,0.0,156.07,124.0,112.76,158.0,22.0,309.0,57.0,24.0,8.59,7.32,6.74,19.0,8.0,3.0,169.0,0.0,0.0
8475831,2024,Philipp Grubauer,SEA,G,4on5,11,2443.0,7.7,7.0,108.0,5.34,6.0,11.62,14.0,54.94,48.0,0.19,0.0,34.19,31.0,16.28,19.0,6.93,49.0,15.0,13.0,1.62,1.96,4.12,1.0,2.0,4.0,31.0,0.0,0.0
8475831,2024,Philipp Grubauer,SEA,G,5on4,11,2982.0,0.69,0.0,9.0,0.33,0.0,0.96,0.0,7.04,5.0,1.08,0.0,2.08,1.0,4.71,8.0,0.69,6.0,2.0,1.0,0.16,0.32,0.2,0.0,0.0,0.0,0.0,0.0,0.0
8481035,2024,Samuel Ersson,PHI,G,other,13,897.0,2.93,2.0,30.0,1.06,2.0,2.69,2.0,14.7,11.0,0.12,0.0,8.6,11.0,4.11,3.0,2.43,10.0,6.0,4.0,0.25,0.86,1.81,1.0,1.0,0.0,10.0,0.0,0.0
8481035,2024,Samuel Ersson,PHI,G,all,13,41708.0,29.04,33.0,698.0,22.86,35.0,82.45,57.0,344.78,308.0,11.27,0.0,189.51,156.0,141.58,196.0,27.63,371.0,78.0,28.0,10.0,9.66,9.38,16.0,14.0,3.0,221.0,0.0,0.0
8481035,2024,Samuel Ersson,PHI,G,5on5,13,32837.0,19.6,25.0,535.0,16.23,25.0,66.21,45.0,260.85,229.0,8.56,0.0,141.39,105.0,107.91,160.0,18.91,288.0,55.0,17.0,8.16,7.01,4.44,13.0,11.0,1.0,175.0,0.0,0.0
8481035,2024,Samuel Ersson,PHI,G,4on5,13,4174.0,5.33,3.0,98.0,4.27,7.0,9.76,8.0,47.43,41.0,0.43,0.0,29.48,33.0,14.66,14.0,5.12,47.0,11.0,7.0,1.02,1.17,3.13,1.0,0.0,2.0,33.0,0.0,0.0
8481035,2024,Samuel Ersson,PHI,G,5on4,13,3800.0,0.79,3.0,23.0,0.75,0.0,2.23,1.0,14.73,19.0,1.88,0.0,5.79,3.0,11.9,15.0,0.79,18.0,4.0,0.0,0.37,0.42,0.0,1.0,2.0,0.0,1.0,0.0,0.0
8477424,2024,Juuse Saros,NSH,G,other,24,2584.0,3.94,8.0,56.0,2.03,0.0,5.61,4.0,28.59,26.0,1.32,0.0,14.8,10.0,10.75,16.0,3.91,18.0,14.0,6.0,0.66,1.68,1.61,1.0,3.0,4.0,18.0,0.0,0.0
8477424,2024,Juuse Saros,NSH,G,all,24,84657.0,69.99,64.0,1377.0,51.02,73.0,182.86,136.0,739.83,693.0,25.0,1.0,391.38,312.0,285.81,421.0,65.85,737.0,190.0,79.0,21.38,23.61,25.0,23.0,22.0,19.0,371.0,2.0,1.0
8477424,2024,Juuse Saros,NSH,G,5on5,24,69412.0,49.37,49.0,1103.0,37.56,58.0,150.7,106.0,584.02,548.0,20.07,1.0,310.78,243.0,232.57,345.0,47.29,606.0,144.0,51.0,17.2,17.91,14.26,21.0,17.0,11.0,302.0,2.0,1.0
8477424,2024,Juuse Saros,NSH,G,4on5,24,6973.0,15.05,5.0,188.0,10.46,15.0,23.61,24.0,108.63,101.0,0.58,0.0,59.85,54.0,30.54,45.0,13.03,96.0,26.0,21.0,2.98,3.24,8.83,1.0,1.0,3.0,45.0,0.0,0.0
8477424,2024,Juuse Saros,NSH,G,5on4,24,5688.0,1.28,1.0,27.0,0.86,0.0,2.65,2.0,17.05,16.0,3.01,0.0,5.38,5.0,11.32,14.0,1.28,16.0,6.0,0.0,0.5,0.78,0.0,0.0,1.0,0.0,5.0,0.0,0.0
8477831,2024,Pheonix Copley,LAK,G,other,1,0.0,0.0,0.0,0.0,0.0,0.0,0.0,0.0,0.0,0.0,0.0,0.0,0.0,0.0,0.0,0.0,0.0,0.0,0.0,0.0,0.0,0.0,0.0,0.0,0.0,0.0,0.0,0.0,0.0
8477831,2024,Pheonix Copley,LAK,G,all,1,1649.0,1.01,2.0,16.0,0.71,1.0,1.89,1.0,9.47,12.0,0.48,0.0,4.45,5.0,3.67,3.0,0.94,7.0,3.0,2.0,0.16,0.34,0.51,1.0,1.0,0.0,4.0,0.0,0.0
8477831,2024,Pheonix Copley,LAK,G,5on5,1,1142.0,0.24,0.0,9.0,0.26,0.0,0.98,1.0,4.53,6.0,0.35,0.0,2.51,4.0,1.87,1.0,0.24,5.0,1.0,0.0,0.13,0.12,0.0,0.0,0.0,0.0,3.0,0.0,0.0
8477831,2024,Pheonix Copley,LAK,G,4on5,1,147.0,0.64,2.0,5.0,0.38,1.0,0.73,0.0,3.43,4.0,0.0,0.0,1.46,1.0,0.69,0.0,0.57,1.0,1.0,2.0,0.03,0.1,0.51,1.0,1.0,0.0,1.0,0.0,0.0
8477831,2024,Pheonix Copley,LAK,G,5on4,1,360.0,0.13,0.0,2.0,0.06,0.0,0.18,0.0,1.5,2.0,0.13,0.0,0.48,0.0,1.11,2.0,0.13,1.0,1.0,0.0,0.01,0.12,0.0,0.0,0.0,0.0,0.0,0.0,0.0
8478406,2024,Mackenzie Blackwood,SJS,G,other,19,1528.0,3.27,3.0,67.0,2.45,5.0,6.6,9.0,28.83,29.0,0.44,0.0,15.57,11.0,8.81,10.0,2.97,27.0,5.0,6.0,1.06,0.65,1.55,2.0,1.0,0.0,29.0,0.0,0.0
8478406,2024,Mackenzie Blackwood,SJS,G,all,19,63513.0,56.87,53.0,1214.0,42.4,75.0,154.99,109.0,625.95,580.0,17.46,3.0,344.47,299.0,245.01,325.0,54.04,657.0,149.0,59.0,20.16,18.61,18.1,34.0,10.0,9.0,349.0,0.0,0.0
8478406,2024,Mackenzie Blackwood,SJS,G,5on5,19,51708.0,41.12,42.0,979.0,31.96,56.0,127.5,84.0,496.43,458.0,13.94,2.0,273.67,240.0,198.05,264.0,39.51,542.0,106.0,41.0,16.06,13.64,11.41,28.0,9.0,5.0,290.0,0.0,0.0
8478406,2024,Mackenzie Blackwood,SJS,G,4on5,19,4921.0,10.29,7.0,140.0,7.0,11.0,17.94,15.0,82.48,74.0,0.48,0.0,49.63,45.0,26.43,36.0,9.46,72.0,33.0,9.0,2.51,3.79,3.99,3.0,0.0,4.0,26.0,0.0,0.0
8478406,2024,Mackenzie Blackwood,SJS,G,5on4,19,5356.0,2.11,1.0,27.0,0.96,3.0,2.83,1.0,17.49,18.0,2.51,1.0,5.28,3.0,11.3,14.0,2.01,16.0,4.0,3.0,0.53,0.43,1.15,1.0,0.0,0.0,4.0,0.0,0.0
8478905,2024,Ivan Fedotov,PHI,G,other,10,1213.0,2.29,3.0,31.0,1.04,2.0,2.28,2.0,13.11,12.0,0.53,0.0,7.99,5.0,3.98,6.0,2.16,6.0,10.0,2.0,0.29,1.0,1.0,1.0,1.0,1.0,13.0,0.0,0.0
8478905,2024,Ivan Fedotov,PHI,G,all,10,33057.0,28.48,32.0,578.0,19.17,29.0,67.56,50.0,279.7,261.0,8.87,1.0,151.09,115.0,110.42,160.0,27.21,262.0,99.0,25.0,7.85,12.31,8.32,14.0,13.0,5.0,192.0,0.0,0.0
8478905,2024,Ivan Fedotov,PHI,G,5on5,10,27249.0,20.62,24.0,485.0,15.5,23.0,58.77,42.0,234.6,219.0,6.99,1.0,127.66,98.0,95.67,139.0,19.77,240.0,70.0,16.0,6.79,8.86,4.97,12.0,10.0,2.0,159.0,0.0,0.0
8478905,2024,Ivan Fedotov,PHI,G,4on5,10,2018.0,4.4,5.0,52.0,2.2,4.0,5.5,5.0,25.09,24.0,0.22,0.0,13.1,10.0,6.95,9.0,4.11,13.0,14.0,6.0,0.59,1.76,2.06,1.0,2.0,2.0,19.0,0.0,0.0
8478905,2024,Ivan Fedotov,PHI,G,5on4,10,2577.0,0.71,0.0,5.0,0.21,0.0,0.49,1.0,3.61,4.0,1.02,0.0,1.06,1.0,2.4,3.0,0.71,2.0,2.0,1.0,0.15,0.26,0.3,0.0,0.0,0.0,0.0,0.0,0.0
8479496,2024,David Rittich,LAK,G,other,18,1814.0,2.02,4.0,41.0,1.51,3.0,4.18,3.0,19.03,20.0,0.32,0.0,12.59,11.0,4.94,5.0,1.96,20.0,4.0,2.0,0.75,0.4,0.87,3.0,0.0,1.0,15.0,0.0,0.0
8479496,2024,David Rittich,LAK,G,all,18,56436.0,36.55,39.0,810.0,26.58,34.0,96.0,51.0,396.06,357.0,17.17,1.0,214.73,171.0,154.63,245.0,35.35,399.0,111.0,32.0,10.7,14.08,11.77,17.0,12.0,10.0,268.0,2.0,1.0
8479496,2024,David Rittich,LAK,G,5on5,18,46512.0,25.81,26.0,666.0,20.17,26.0,80.13,43.0,318.87,289.0,14.53,0.0,171.71,131.0,130.32,211.0,25.15,329.0,92.0,18.0,8.73,11.57,5.5,13.0,10.0,3.0,227.0,2.0,1.0
8479496,2024,David Rittich,LAK,G,4on5,18,4277.0,8.2,8.0,88.0,4.58,5.0,10.8,5.0,50.74,41.0,0.51,1.0,28.05,26.0,13.72,23.0,7.73,42.0,13.0,12.0,1.0,1.8,5.4,0.0,2.0,6.0,21.0,0.0,0.0
8479496,2024,David Rittich,LAK,G,5on4,18,3833.0,0.52,1.0,15.0,0.32,0.0,0.9,0.0,7.42,7.0,1.81,0.0,2.39,3.0,5.65,6.0,0.52,8.0,2.0,0.0,0.21,0.31,0.0,1.0,0.0,0.0,5.0,0.0,0.0
8477484,2024,Spencer Martin,CAR,G,other,9,767.0,2.02,1.0,15.0,0.76,2.0,1.73,3.0,9.39,7.0,0.28,0.0,4.7,5.0,2.39,1.0,1.72,2.0,5.0,5.0,0.11,0.55,1.36,0.0,0.0,1.0,3.0,0.0,0.0
8477484,2024,Spencer Martin,CAR,G,all,9,24959.0,18.46,27.0,354.0,14.29,19.0,47.35,35.0,200.83,175.0,7.27,0.0,110.27,81.0,78.64,114.0,17.72,196.0,57.0,23.0,5.5,6.73,6.24,11.0,7.0,9.0,78.0,0.0,0.0
8477484,2024,Spencer Martin,CAR,G,5on5,9,19808.0,13.86,19.0,273.0,10.11,12.0,38.16,26.0,155.63,134.0,5.48,0.0,85.22,60.0,61.38,97.0,13.47,154.0,45.0,15.0,4.49,5.37,4.0,8.0,5.0,6.0,59.0,0.0,0.0
8477484,2024,Spencer Martin,CAR,G,4on5,9,2103.0,1.71,5.0,49.0,3.07,4.0,6.22,5.0,27.81,26.0,0.09,0.0,17.61,13.0,9.35,12.0,1.69,31.0,7.0,1.0,0.61,0.81,0.29,2.0,2.0,1.0,10.0,0.0,0.0
8477484,2024,Spencer Martin,CAR,G,5on4,9,2281.0,0.81,2.0,14.0,0.3,1.0,1.12,1.0,7.26,7.0,1.37,0.0,2.37,2.0,5.14,4.0,0.79,8.0,0.0,2.0,0.22,0.0,0.58,1.0,0.0,1.0,4.0,0.0,0.0
8478435,2024,Dan Vladar,CGY,G,other,16,1317.0,5.96,6.0,61.0,2.32,3.0,5.37,3.0,31.05,25.0,0.64,1.0,16.66,16.0,9.62,13.0,5.49,21.0,11.0,9.0,0.95,1.56,3.45,3.0,1.0,2.0,20.0,0.0,0.0
8478435,2024,Dan Vladar,CGY,G,all,16,58409.0,47.55,50.0,929.0,31.09,41.0,113.56,95.0,470.34,436.0,16.91,3.0,252.66,196.0,183.6,259.0,45.73,466.0,129.0,49.0,13.38,16.94,17.24,17.0,21.0,12.0,285.0,0.0,0.0
8478435,2024,Dan Vladar,CGY,G,5on5,16,48565.0,32.53,29.0,759.0,23.86,36.0,96.22,82.0,377.49,350.0,13.62,1.0,201.22,157.0,151.6,211.0,31.44,389.0,100.0,29.0,10.62,13.37,8.54,11.0,16.0,2.0,241.0,0.0,0.0
8478435,2024,Dan Vladar,CGY,G,4on5,16,4085.0,8.6,15.0,99.0,4.63,2.0,10.91,10.0,54.86,56.0,0.4,0.0,32.68,23.0,17.49,26.0,8.37,49.0,16.0,11.0,1.64,1.72,5.25,3.0,4.0,8.0,23.0,0.0,0.0
8478435,2024,Dan Vladar,CGY,G,5on4,16,4442.0,0.46,0.0,10.0,0.28,0.0,1.06,0.0,6.94,5.0,2.25,1.0,2.1,0.0,4.89,9.0,0.44,7.0,2.0,0.0,0.17,0.28,0.0,0.0,0.0,0.0,1.0,0.0,0.0
8481033,2024,Akira Schmid,VGK,G,other,1,64.0,0.0,0.0,1.0,0.0,0.0,0.0,0.0,0.0,0.0,0.02,0.0,0.0,0.0,0.0,0.0,0.0,0.0,0.0,0.0,0.0,0.0,0.0,0.0,0.0,0.0,1.0,0.0,0.0
8481033,2024,Akira Schmid,VGK,G,all,1,2005.0,0.75,0.0,31.0,1.36,1.0,4.1,4.0,17.92,12.0,0.63,0.0,9.74,11.0,7.51,8.0,0.74,23.0,1.0,0.0,0.61,0.14,0.0,0.0,0.0,0.0,7.0,0.0,0.0
8481033,2024,Akira Schmid,VGK,G,5on5,1,1490.0,0.61,0.0,21.0,0.67,0.0,2.67,2.0,11.83,7.0,0.55,0.0,6.21,8.0,5.48,6.0,0.61,15.0,1.0,0.0,0.47,0.14,0.0,0.0,0.0,0.0,5.0,0.0,0.0
8481033,2024,Akira Schmid,VGK,G,4on5,1,296.0,0.14,0.0,9.0,0.69,1.0,1.43,2.0,6.09,5.0,0.0,0.0,3.53,3.0,2.03,2.0,0.13,8.0,0.0,0.0,0.14,0.0,0.0,0.0,0.0,0.0,1.0,0.0,0.0
8481033,2024,Akira Schmid,VGK,G,5on4,1,155.0,0.0,0.0,0.0,0.0,0.0,0.0,0.0,0.0,0.0,0.06,0.0,0.0,0.0,0.0,0.0,0.0,0.0,0.0,0.0,0.0,0.0,0.0,0.0,0.0,0.0,0.0,0.0,0.0
8481519,2024,Spencer Knight,FLA,G,other,11,1355.0,2.38,3.0,28.0,1.4,2.0,3.96,4.0,18.71,17.0,0.33,0.0,11.8,14.0,5.79,3.0,2.28,17.0,6.0,3.0,0.56,0.88,0.93,1.0,1.0,1.0,2.0,0.0,0.0
8481519,2024,Spencer Knight,FLA,G,all,11,36823.0,25.55,29.0,580.0,21.34,25.0,75.96,66.0,313.18,264.0,9.92,0.0,174.35,146.0,124.24,165.0,24.71,325.0,84.0,23.0,8.6,10.45,6.49,12.0,11.0,6.0,148.0,0.0,0.0
8481519,2024,Spencer Knight,FLA,G,5on5,11,30247.0,20.17,22.0,477.0,16.69,20.0,64.25,55.0,256.59,216.0,8.24,0.0,140.55,116.0,103.7,141.0,19.53,269.0,67.0,18.0,7.11,8.16,4.89,11.0,7.0,4.0,123.0,0.0,0.0
8481519,2024,Spencer Knight,FLA,G,4on5,11,2574.0,2.45,3.0,65.0,2.92,3.0,6.72,7.0,31.29,24.0,0.17,0.0,19.81,13.0,10.07,16.0,2.41,33.0,9.0,1.0,0.85,1.19,0.41,0.0,2.0,1.0,22.0,0.0,0.0
8481519,2024,Spencer Knight,FLA,G,5on4,11,2647.0,0.55,1.0,10.0,0.33,0.0,1.03,0.0,6.6,7.0,1.19,0.0,2.2,3.0,4.68,5.0,0.5,6.0,2.0,1.0,0.08,0.23,0.25,0.0,1.0,0.0,1.0,0.0,0.0
8476932,2024,Anthony Stolarz,TOR,G,other,17,1465.0,2.76,6.0,43.0,2.17,4.0,4.7,6.0,23.1,24.0,0.5,0.0,13.97,10.0,5.53,4.0,2.34,21.0,4.0,5.0,0.6,0.55,1.62,1.0,2.0,3.0,13.0,0.0,0.0
8476932,2024,Anthony Stolarz,TOR,G,all,17,58579.0,44.29,35.0,1016.0,34.65,51.0,124.94,96.0,505.67,480.0,15.3,1.0,277.11,242.0,197.93,272.0,42.47,524.0,123.0,49.0,13.07,15.83,15.4,9.0,14.0,12.0,320.0,0.0,0.0
8476932,2024,Anthony Stolarz,TOR,G,5on5,17,45874.0,30.24,17.0,789.0,24.2,41.0,99.34,72.0,382.21,365.0,11.76,1.0,204.89,179.0,154.46,217.0,29.15,410.0,83.0,33.0,10.42,10.76,9.05,5.0,8.0,4.0,263.0,0.0,0.0
8476932,2024,Anthony Stolarz,TOR,G,4on5,17,6123.0,9.63,11.0,164.0,7.49,6.0,18.57,18.0,85.56,74.0,0.47,0.0,53.39,49.0,28.09,36.0,9.3,80.0,30.0,10.0,1.56,3.59,4.48,3.0,3.0,5.0,44.0,0.0,0.0
8476932,2024,Anthony Stolarz,TOR,G,5on4,17,5117.0,1.44,1.0,17.0,0.69,0.0,1.82,0.0,12.48,16.0,2.52,0.0,3.96,4.0,8.67,12.0,1.44,11.0,5.0,1.0,0.36,0.82,0.25,0.0,1.0,0.0,0.0,0.0,0.0
8482123,2024,Drew Commesso,CHI,G,other,1,0.0,0.0,0.0,0.0,0.0,0.0,0.0,0.0,0.0,0.0,0.0,0.0,0.0,0.0,0.0,0.0,0.0,0.0,0.0,0.0,0.0,0.0,0.0,0.0,0.0,0.0,0.0,0.0,0.0
8482123,2024,Drew Commesso,CHI,G,all,1,681.0,0.34,0.0,9.0,0.17,1.0,0.93,0.0,3.9,2.0,0.25,0.0,1.61,2.0,1.82,2.0,0.32,4.0,0.0,1.0,0.09,0.0,0.26,0.0,0.0,0.0,4.0,0.0,0.0
8482123,2024,Drew Commesso,CHI,G,5on5,1,561.0,0.34,0.0,6.0,0.17,1.0,0.93,0.0,3.9,2.0,0.25,0.0,1.61,2.0,1.82,2.0,0.32,4.0,0.0,1.0,0.09,0.0,0.26,0.0,0.0,0.0,1.0,0.0,0.0
8482123,2024,Drew Commesso,CHI,G,4on5,1,120.0,0.0,0.0,3.0,0.0,0.0,0.0,0.0,0.0,0.0,0.0,0.0,0.0,0.0,0.0,0.0,0.0,0.0,0.0,0.0,0.0,0.0,0.0,0.0,0.0,0.0,3.0,0.0,0.0
8482123,2024,Drew Commesso,CHI,G,5on4,1,0.0,0.0,0.0,0.0,0.0,0.0,0.0,0.0,0.0,0.0,0.0,0.0,0.0,0.0,0.0,0.0,0.0,0.0,0.0,0.0,0.0,0.0,0.0,0.0,0.0,0.0,0.0,0.0,0.0
8481611,2024,Pyotr Kochetkov,CAR,G,other,18,1685.0,6.07,6.0,53.0,2.09,2.0,5.06,6.0,27.77,28.0,0.69,1.0,16.23,14.0,6.55,9.0,5.68,23.0,5.0,9.0,0.84,0.57,4.66,1.0,0.0,5.0,16.0,0.0,0.0
8481611,2024,Pyotr Kochetkov,CAR,G,all,18,63412.0,47.34,46.0,836.0,31.87,54.0,108.33,86.0,454.6,437.0,21.89,2.0,241.74,164.0,170.31,263.0,45.14,429.0,123.0,63.0,12.61,15.15,19.58,16.0,17.0,13.0,221.0,2.0,1.0
8481611,2024,Pyotr Kochetkov,CAR,G,5on5,18,52327.0,34.63,38.0,674.0,24.23,39.0,88.13,70.0,363.25,352.0,18.47,1.0,192.14,135.0,142.76,210.0,33.44,349.0,100.0,45.0,10.24,12.51,11.88,15.0,16.0,7.0,180.0,2.0,1.0
8481611,2024,Pyotr Kochetkov,CAR,G,4on5,18,4922.0,6.14,2.0,99.0,5.17,13.0,14.37,10.0,57.38,51.0,0.38,0.0,31.37,15.0,16.82,36.0,5.52,53.0,14.0,9.0,1.44,1.66,3.04,0.0,1.0,1.0,23.0,0.0,0.0
8481611,2024,Pyotr Kochetkov,CAR,G,5on4,18,4478.0,0.5,0.0,10.0,0.38,0.0,0.77,0.0,6.2,6.0,2.36,0.0,2.0,0.0,4.17,8.0,0.5,4.0,4.0,0.0,0.09,0.42,0.0,0.0,0.0,0.0,2.0,0.0,0.0
8481707,2024,Erik Portillo,LAK,G,other,1,91.0,0.19,0.0,4.0,0.13,0.0,0.44,0.0,1.64,1.0,0.04,0.0,0.89,1.0,0.3,1.0,0.17,1.0,1.0,0.0,0.05,0.14,0.0,0.0,0.0,0.0,2.0,0.0,0.0
8481707,2024,Erik Portillo,LAK,G,all,1,3517.0,2.72,1.0,59.0,2.32,5.0,8.61,6.0,35.66,29.0,0.89,0.0,20.04,18.0,14.11,19.0,2.53,37.0,10.0,2.0,1.11,1.14,0.47,0.0,1.0,0.0,10.0,0.0,0.0
8481707,2024,Erik Portillo,LAK,G,5on5,1,2826.0,1.69,1.0,46.0,1.6,3.0,6.73,5.0,27.1,21.0,0.7,0.0,15.52,14.0,11.53,15.0,1.62,32.0,5.0,1.0,0.91,0.54,0.23,0.0,1.0,0.0,8.0,0.0,0.0
8481707,2024,Erik Portillo,LAK,G,4on5,1,360.0,0.81,0.0,8.0,0.57,2.0,1.36,1.0,6.24,7.0,0.02,0.0,3.4,3.0,1.65,2.0,0.71,3.0,4.0,1.0,0.12,0.46,0.23,0.0,0.0,0.0,0.0,0.0,0.0
8481707,2024,Erik Portillo,LAK,G,5on4,1,240.0,0.03,0.0,1.0,0.03,0.0,0.08,0.0,0.69,0.0,0.13,0.0,0.23,0.0,0.63,1.0,0.03,1.0,0.0,0.0,0.03,0.0,0.0,0.0,0.0,0.0,0.0,0.0,0.0
8473575,2024,Semyon Varlamov,NYI,G,other,10,471.0,0.78,1.0,18.0,0.87,0.0,2.0,3.0,9.89,10.0,0.08,0.0,7.17,5.0,2.84,5.0,0.7,11.0,3.0,0.0,0.47,0.31,0.0,1.0,0.0,0.0,4.0,0.0,0.0
8473575,2024,Semyon Varlamov,NYI,G,all,10,36144.0,27.91,29.0,567.0,18.66,25.0,68.47,36.0,289.3,261.0,9.81,1.0,155.32,139.0,117.23,168.0,26.64,289.0,79.0,29.0,8.48,9.9,9.53,14.0,7.0,8.0,170.0,0.0,0.0
8473575,2024,Semyon Varlamov,NYI,G,5on5,10,30592.0,21.2,19.0,483.0,14.93,24.0,58.96,30.0,239.12,211.0,8.16,0.0,127.81,119.0,98.18,137.0,20.09,245.0,61.0,23.0,6.71,7.68,6.81,12.0,3.0,4.0,154.0,0.0,0.0
8473575,2024,Semyon Varlamov,NYI,G,4on5,10,1526.0,4.21,8.0,44.0,2.04,1.0,5.17,3.0,25.68,24.0,0.23,0.0,15.17,10.0,7.66,13.0,4.13,20.0,11.0,4.0,0.69,1.25,2.27,1.0,3.0,4.0,9.0,0.0,0.0
8473575,2024,Semyon Varlamov,NYI,G,5on4,10,3555.0,0.63,0.0,10.0,0.3,0.0,0.91,0.0,6.66,8.0,1.1,0.0,2.12,2.0,4.85,7.0,0.63,7.0,2.0,0.0,0.27,0.36,0.0,0.0,0.0,0.0,1.0,0.0,0.0
8480045,2024,Ukko-Pekka Luukkonen,BUF,G,other,20,1746.0,3.94,8.0,70.0,2.48,2.0,6.07,2.0,31.11,26.0,0.58,1.0,18.85,18.0,9.53,12.0,3.75,29.0,8.0,5.0,1.05,0.99,1.9,2.0,2.0,4.0,28.0,0.0,0.0
8480045,2024,Ukko-Pekka Luukkonen,BUF,G,all,20,71069.0,57.58,55.0,1170.0,41.21,71.0,149.5,118.0,614.87,566.0,20.88,2.0,332.02,271.0,242.81,325.0,55.22,625.0,157.0,62.0,17.54,20.03,20.01,18.0,19.0,18.0,326.0,0.0,0.0
8480045,2024,Ukko-Pekka Luukkonen,BUF,G,5on5,20,57374.0,41.38,37.0,931.0,31.25,62.0,123.39,96.0,486.29,453.0,16.3,1.0,261.63,216.0,195.96,256.0,39.81,501.0,131.0,38.0,14.08,16.73,10.57,15.0,15.0,7.0,261.0,0.0,0.0
8480045,2024,Ukko-Pekka Luukkonen,BUF,G,4on5,20,5824.0,10.73,9.0,142.0,6.59,6.0,17.41,19.0,78.71,71.0,0.48,0.0,45.65,32.0,24.81,42.0,10.16,76.0,15.0,17.0,1.82,1.84,7.08,0.0,2.0,7.0,34.0,0.0,0.0
8480045,2024,Ukko-Pekka Luukkonen,BUF,G,5on4,20,6125.0,1.43,1.0,25.0,0.84,1.0,2.29,1.0,17.22,16.0,3.31,0.0,5.26,5.0,11.67,13.0,1.41,17.0,3.0,2.0,0.49,0.48,0.46,1.0,0.0,0.0,3.0,0.0,0.0
8478470,2024,Sam Montembeault,MTL,G,other,23,2111.0,5.97,2.0,64.0,2.29,6.0,6.16,3.0,32.17,25.0,0.4,0.0,17.47,19.0,8.99,12.0,4.94,20.0,12.0,10.0,0.85,1.49,3.63,1.0,1.0,0.0,22.0,0.0,0.0
8478470,2024,Sam Montembeault,MTL,G,all,23,72927.0,65.05,61.0,1299.0,44.21,68.0,155.71,115.0,661.74,616.0,17.84,1.0,353.42,284.0,257.67,369.0,61.56,657.0,154.0,87.0,18.3,18.76,27.99,26.0,19.0,16.0,401.0,0.0,0.0
8478470,2024,Sam Montembeault,MTL,G,5on5,23,58311.0,46.49,44.0,1007.0,31.47,57.0,125.48,90.0,508.59,473.0,13.98,0.0,266.45,199.0,205.19,301.0,44.76,512.0,119.0,61.0,14.8,14.65,17.04,21.0,15.0,8.0,315.0,0.0,0.0
8478470,2024,Sam Montembeault,MTL,G,4on5,23,6734.0,10.98,13.0,202.0,9.47,5.0,20.71,20.0,103.74,99.0,0.59,0.0,62.92,57.0,33.63,46.0,10.28,108.0,19.0,14.0,2.11,2.1,6.77,3.0,3.0,7.0,61.0,0.0,0.0
8478470,2024,Sam Montembeault,MTL,G,5on4,23,5771.0,0.99,1.0,17.0,0.57,0.0,1.75,1.0,10.08,11.0,2.77,1.0,3.67,5.0,6.62,7.0,0.99,10.0,2.0,2.0,0.19,0.25,0.55,0.0,0.0,1.0,3.0,0.0,0.0
8475852,2024,Petr Mrazek,CHI,G,other,20,1410.0,3.98,4.0,51.0,2.42,8.0,6.4,3.0,29.53,32.0,0.69,0.0,17.82,15.0,9.21,11.0,3.3,23.0,13.0,5.0,0.83,1.65,1.5,1.0,2.0,1.0,10.0,0.0,0.0
8475852,2024,Petr Mrazek,CHI,G,all,20,68693.0,53.9,54.0,1184.0,40.75,76.0,146.75,112.0,600.06,571.0,16.08,1.0,325.53,262.0,237.53,321.0,51.53,600.0,169.0,56.0,16.47,20.97,16.46,16.0,26.0,12.0,359.0,0.0,0.0
8475852,2024,Petr Mrazek,CHI,G,5on5,20,56715.0,40.67,39.0,978.0,31.2,58.0,122.94,97.0,482.08,446.0,12.74,1.0,259.29,215.0,193.52,255.0,39.16,491.0,131.0,42.0,13.41,16.28,10.98,13.0,19.0,7.0,314.0,0.0,0.0
8475852,2024,Petr Mrazek,CHI,G,4on5,20,5575.0,7.68,9.0,130.0,6.3,10.0,14.69,10.0,70.0,75.0,0.48,0.0,42.66,30.0,22.25,37.0,7.51,69.0,19.0,8.0,1.71,2.25,3.72,1.0,4.0,4.0,34.0,0.0,0.0
8475852,2024,Petr Mrazek,CHI,G,5on4,20,4993.0,1.42,1.0,24.0,0.76,0.0,2.59,2.0,17.62,17.0,2.17,0.0,5.3,2.0,12.37,18.0,1.41,17.0,5.0,1.0,0.53,0.62,0.27,1.0,0.0,0.0,1.0,0.0,0.0
8483530,2024,Jaxson Stauber,UTA,G,other,2,164.0,0.59,0.0,11.0,0.58,1.0,1.42,0.0,6.28,4.0,0.02,0.0,4.49,6.0,1.68,1.0,0.53,7.0,1.0,1.0,0.18,0.11,0.3,0.0,0.0,0.0,2.0,0.0,0.0
8483530,2024,Jaxson Stauber,UTA,G,all,2,7166.0,6.63,2.0,128.0,4.29,8.0,14.97,8.0,63.59,53.0,2.01,0.0,34.43,32.0,23.63,35.0,6.35,62.0,13.0,11.0,1.98,1.53,3.13,1.0,0.0,1.0,42.0,0.0,0.0
8483530,2024,Jaxson Stauber,UTA,G,5on5,2,5723.0,4.66,2.0,93.0,3.0,7.0,11.56,7.0,46.75,40.0,1.68,0.0,24.16,20.0,18.13,27.0,4.47,48.0,7.0,8.0,1.46,0.8,2.4,1.0,0.0,1.0,30.0,0.0,0.0
8483530,2024,Jaxson Stauber,UTA,G,4on5,2,686.0,1.15,0.0,21.0,0.65,0.0,1.84,1.0,8.87,7.0,0.07,0.0,5.37,5.0,2.7,6.0,1.13,6.0,5.0,1.0,0.34,0.61,0.2,0.0,0.0,0.0,9.0,0.0,0.0
8483530,2024,Jaxson Stauber,UTA,G,5on4,2,593.0,0.22,0.0,3.0,0.06,0.0,0.14,0.0,1.7,2.0,0.24,0.0,0.41,1.0,1.12,1.0,0.22,1.0,0.0,1.0,0.01,0.0,0.22,0.0,0.0,0.0,1.0,0.0,0.0
8475311,2024,Darcy Kuemper,LAK,G,other,12,1675.0,3.47,5.0,44.0,1.72,1.0,4.98,6.0,26.8,25.0,0.39,0.0,13.72,10.0,10.31,12.0,3.41,20.0,12.0,3.0,0.74,1.42,1.31,1.0,2.0,2.0,9.0,0.0,0.0
8475311,2024,Darcy Kuemper,LAK,G,all,12,42445.0,27.89,28.0,669.0,22.27,20.0,79.49,51.0,335.37,300.0,11.1,1.0,187.32,159.0,137.67,206.0,27.19,361.0,79.0,26.0,10.73,9.88,7.28,13.0,9.0,6.0,203.0,0.0,0.0
8475311,2024,Darcy Kuemper,LAK,G,5on5,12,33627.0,18.48,17.0,525.0,16.17,13.0,63.81,38.0,257.35,224.0,8.77,1.0,146.29,127.0,109.45,167.0,18.05,301.0,48.0,14.0,8.48,6.21,3.79,9.0,5.0,3.0,162.0,0.0,0.0
8475311,2024,Darcy Kuemper,LAK,G,4on5,12,3963.0,4.88,5.0,88.0,3.97,4.0,9.55,7.0,43.22,42.0,0.35,0.0,25.11,21.0,12.95,21.0,4.72,37.0,14.0,7.0,1.48,1.74,1.66,3.0,2.0,0.0,30.0,0.0,0.0
8475311,2024,Darcy Kuemper,LAK,G,5on4,12,3180.0,1.06,1.0,12.0,0.4,2.0,1.15,0.0,8.0,9.0,1.59,0.0,2.2,1.0,4.96,6.0,1.01,3.0,5.0,2.0,0.04,0.52,0.51,0.0,0.0,1.0,2.0,0.0,0.0
8478492,2024,Ilya Samsonov,VGK,G,other,10,371.0,1.41,0.0,16.0,0.91,0.0,1.6,3.0,9.41,9.0,0.12,0.0,4.88,4.0,2.93,5.0,1.29,4.0,5.0,3.0,0.14,0.61,0.67,0.0,0.0,0.0,4.0,0.0,0.0
8478492,2024,Ilya Samsonov,VGK,G,all,10,36416.0,30.96,32.0,653.0,22.6,42.0,88.02,72.0,342.87,306.0,10.89,0.0,180.81,163.0,132.88,157.0,29.2,346.0,84.0,37.0,9.8,10.42,10.74,14.0,12.0,6.0,186.0,2.0,1.0
8478492,2024,Ilya Samsonov,VGK,G,5on5,10,31478.0,25.19,25.0,564.0,18.9,37.0,78.08,61.0,294.92,262.0,9.13,0.0,155.36,138.0,115.31,141.0,23.72,308.0,66.0,29.0,8.59,8.41,8.19,13.0,8.0,4.0,161.0,2.0,1.0
8478492,2024,Ilya Samsonov,VGK,G,4on5,10,2221.0,3.8,5.0,59.0,2.38,5.0,6.95,7.0,30.18,25.0,0.12,0.0,17.41,17.0,9.41,7.0,3.65,26.0,10.0,5.0,0.82,1.1,1.88,0.0,3.0,2.0,18.0,0.0,0.0
8478492,2024,Ilya Samsonov,VGK,G,5on4,10,2346.0,0.17,1.0,6.0,0.13,0.0,0.47,0.0,3.9,4.0,1.5,0.0,1.15,1.0,2.98,3.0,0.17,4.0,1.0,0.0,0.07,0.1,0.0,1.0,0.0,0.0,1.0,0.0,0.0
8475660,2024,Cam Talbot,DET,G,other,16,843.0,4.54,3.0,38.0,1.67,5.0,3.93,9.0,21.85,23.0,0.45,0.0,12.81,11.0,5.24,1.0,3.97,13.0,9.0,7.0,0.47,1.05,3.03,1.0,1.0,1.0,9.0,0.0,0.0
8475660,2024,Cam Talbot,DET,G,all,16,52230.0,49.44,39.0,976.0,33.91,52.0,121.28,108.0,502.81,467.0,12.86,1.0,275.76,263.0,195.57,228.0,45.9,521.0,113.0,59.0,14.24,13.54,21.66,14.0,7.0,18.0,283.0,0.0,0.0
8475660,2024,Cam Talbot,DET,G,5on5,16,44397.0,32.5,18.0,800.0,26.12,38.0,102.59,90.0,406.59,375.0,10.38,1.0,222.76,220.0,164.22,194.0,30.52,435.0,92.0,35.0,11.81,10.94,9.75,10.0,6.0,2.0,238.0,0.0,0.0
8475660,2024,Cam Talbot,DET,G,4on5,16,3641.0,11.42,16.0,119.0,5.53,9.0,13.29,8.0,64.84,57.0,0.28,0.0,36.47,29.0,19.22,25.0,10.43,64.0,7.0,17.0,1.68,0.85,8.88,1.0,0.0,15.0,31.0,0.0,0.0
8475660,2024,Cam Talbot,DET,G,5on4,16,3349.0,0.83,2.0,17.0,0.53,0.0,1.32,1.0,8.61,11.0,1.73,0.0,3.4,2.0,6.6,8.0,0.83,9.0,4.0,0.0,0.28,0.55,0.0,2.0,0.0,0.0,4.0,0.0,0.0
